track_id,track_title,artist_name,popularity,release_date,danceability,energy,key,loudness,mode,acousticness,instrumentalness,liveness,valence,tempo,duration_ms,time_signature
0,Alaman,Alblabel,1,2000,0.317,0.386,9,-13.066,1,0.97,0.436,0.163,0.782,100.796,352271,4
1,Aboi,Insaf Fathi,9,2021,0.527,0.444,11,-13.708,1,0.66,0,0.414,0.725,124.681,459023,4
2,Aboya wain,Ahmed Amin,6,2019,0.494,0.17,4,-20.979,0,0.7,0,0.0875,0.314,155.024,184258,1
3,Abu aaj akhoi,Alblabel,0,2000,0.322,0.63,10,-9.473,0,0.92,0.964,0.116,0.758,102.394,353687,3
4,Agacheh,Squad التالتة,12,2020,0.737,0.704,4,-7.925,0,0.31,0,0.106,0.737,139.985,154299,4
5,Agmal hiba,Mohamed Aljazar,2,2013,0.557,0.493,4,-6.125,0,0.36,0,0.207,0.297,109.994,176543,4
6,Aktar min sana,Roaa Naeem,10,2020,0.722,0.551,11,-6.902,0,0.15,0.0001,0.0963,0.771,131.971,224351,3
7,Alam alfurag,Mubarak Albana,8,2021,0.533,0.74,11,-8.757,0,0.79,0.0005,0.118,0.929,164.973,419471,4
8,ALbareedo,Huda Arabi,15,2020,0.526,0.309,10,-20.106,0,0.63,0,0.29,0.834,116.846,73091,4
9,Albnreedo Tayeh,Alblabel,0,2000,0.62,0.673,0,-5.461,0,0.88,0.0026,0.0759,0.948,143.995,267599,3
10,Aldahhabi,Eman Alshareef,14,2021,0.701,0.814,11,-3.225,0,0.34,0,0.0828,0.931,149.915,203833,4
11,Algallabeya,Ahmed Amin,23,2019,0.719,0.33,3,-14.613,0,0.62,0.0949,0.0858,0.66,139.896,177842,4
12,Algammoee,Eman Alshareef,17,2020,0.746,0.792,1,-4.428,1,0.17,0,0.0414,0.962,72.469,251664,3
13,Alhabeeb malo ma ja,Mahmoud Abdelaziz,2,1995,0.597,0.285,11,-14.235,0,0.55,0.889,0.37,0.481,131.919,297898,3
14,Alhalim sabana,Taha Suliman,3,2020,0.331,0.329,4,-19.272,1,0.68,0,0.783,0.753,169.52,368614,3
15,Aljarih jarhe barai,Ahmed Fathallah,3,2021,0.49,0.459,8,-12.321,0,0.66,0,0.407,0.859,85.713,147599,4
16,Alseneen,Mahmoud Abdelaziz,5,2009,0.407,0.782,11,-3.62,0,0.71,0.0066,0.282,0.681,155.659,533495,4
17,Asmar gameel,Sabah Abdalla,0,2021,0.43,0.507,5,-13.776,1,0.8,0,0.796,0.902,146.824,339455,4
18,Enta almohim,Amjad Bagera,2,2020,0.603,0.654,2,-5.919,1,0.66,0.0001,0.436,0.644,107.91,432744,3
19,Etfadali,Mahmoud Abdelaziz,12,2006,0.619,0.632,7,-9.363,1,0.59,0.0005,0.201,0.817,177.604,328606,3
20,Ezayyakum,Gamal Farfour,4,2015,0.568,0.898,2,-5.265,0,0.67,0.0401,0.412,0.579,104.594,272405,4
21,Ommi Allah yesallimik,Gamal Farfour,1,2015,0.393,0.464,6,-9.373,1,0.85,0,0.126,0.587,117.171,338469,3
22,100 Bako,AlBitar,5,2020,0.787,0.675,9,-7.304,0,0.09,0,0.0611,0.53,162.082,278704,4
23,A'abir sikkah,Abdel Gadir Salim,9,2003,0.476,0.505,2,-12.652,0,0.83,0,0.212,0.686,80.001,489493,4
24,A'Abir sikkah,Abdel Gadir Salim All-Stars,4,1991,0.439,0.42,5,-13.74,1,0.85,0.0055,0.0976,0.94,176.508,436560,4
25,Aadi bitahsal,Ahmed Amin,14,2019,0.766,0.272,6,-14.722,1,0.21,0.0003,0.0846,0.54,159.954,182465,4
26,Aadila ya baida,Moddathir Meshmesh,0,2014,0.43,0.766,7,-3.383,1,0.23,0,0.0926,0.64,138.83,368000,4
27,Aah min saddo,Kamal Tarbas,5,1985,0.567,0.562,11,-8.174,0,0.8,0.0001,0.122,0.876,77.561,327400,4
28,Aamal lak eaih,Moaz Ibn Albadia,10,2020,0.411,0.434,7,-18.88,1,0.7,0,0.636,0.933,80.778,312581,4
29,Aasirni ya mayyas,Mahmoud Abdelaziz,7,2002,0.709,0.763,9,-6.399,1,0.32,0,0.0995,0.385,113.716,479914,3
30,Aatif alai ya reem,Omer Elamin,13,2018,0.624,0.783,0,-3.023,1,0.76,0.0151,0.81,0.807,134.577,326609,4
31,Aatif alai ya reem,Ammar Faransi,2,2019,0.68,0.311,9,-10.006,0,0.9,0.0001,0.136,0.79,143.564,388415,4
32,Abait alnass,Insaf Fathi,12,2020,0.581,0.328,6,-18.862,0,0.66,0,0.916,0.887,112.701,235494,4
33,Aboi,Eman Alshareef,3,2018,0.539,0.441,0,-10.561,0,0.4,0,0.113,0.319,130.143,287425,4
34,Ador hawalk,Abdel Karim Alkabli,4,1973,0.444,0.0693,2,-20.742,1,0.72,0.0002,0.115,0.52,55.097,401760,4
35,Afia minnak wa radia annak,Omer Elamin,6,2019,0.331,0.246,0,-19.146,0,0.71,0.0001,0.168,0.78,163.662,425482,4
36,Aftah albab,Rasha,11,2000,0.525,0.66,1,-9.731,1,0.33,0,0.0484,0.902,169.672,272192,4
37,Afu alkhater,Makarim Bashir,15,2020,0.386,0.219,7,-23.286,1,0.68,0,0.596,0.812,149.24,67448,3
38,Agaboni allela jo,Gamal Farfour,1,2015,0.496,0.855,7,-3.953,0,0.77,0.0779,0.575,0.893,74.082,353097,4
39,Agabony,Sharief Elfehail,11,2020,0.37,0.858,7,-5.338,1,0.42,0,0.137,0.811,122.696,274952,5
40,Aghani banat,Oum Dermam Stars,22,2017,0.574,0.759,3,-4.776,0,0.39,0,0.0396,0.516,144.799,208011,4
41,Agla min aini,Abdel Karim Alkabli,13,1973,0.591,0.399,2,-11.779,0,0.6,0,0.302,0.738,146.166,320333,4
42,Agool Ansak,Alblabel,1,2000,0.281,0.791,2,-3.86,1,0.82,0.651,0.798,0.962,80.273,74687,4
43,Agro leha ya alfugara,Talal Alsatta,20,2015,0.791,0.645,7,-8.506,1,0.67,0,0.164,0.929,144.109,168176,4
44,Aguis mahasnik biman,Rasha,17,1997,0.652,0.138,9,-16.05,1,0.86,0,0.104,0.63,146,202355,4
45,Ah ya zaman,Asha Algabal,6,2021,0.613,0.697,0,-10.202,0,0.83,0,0.505,0.905,153.137,256575,3
46,Ahla eyoon,Abdel Aziz El Mubarak,16,1999,0.588,0.727,9,-8.612,0,0.27,0.0094,0.0678,0.946,80.54,404067,4
47,Ahla garah,Abdel Aziz El Mubarak,6,1999,0.61,0.813,9,-8.534,0,0.19,0.0014,0.0689,0.934,115.323,358373,4
48,Ajayeb Aldunya,Talal Alsatta,10,2019,0.783,0.508,10,-8.788,1,0.89,0,0.192,0.855,123.066,206080,3
49,Ajmal alyam,Kamal Keila,13,2018,0.54,0.705,9,-7.14,0,0.68,0.0476,0.18,0.43,116.249,390000,4
50,Akeed,Abdel Karim Alkabli,4,2006,0.446,0.537,4,-11.048,0,0.01,0.252,0.109,0.689,125.684,718000,4
51,Akeed Bfreg,Taha Suliman,2,2021,0.404,0.189,3,-8.931,0,0.92,0,0.212,0.251,104.962,221074,3
52,Akhut allom ala nafsi,Salah Alamin,2,2020,0.303,0.265,10,-21.504,1,0.71,0,0.375,0.858,158.19,476317,3
53,Aktobi lai,WD Alzain,8,2021,0.78,0.491,9,-8.913,0,0.29,0,0.327,0.965,136.034,240065,4
54,Aktubi layya,Mahmoud Abdelaziz,9,2002,0.496,0.455,10,-16.286,0,0.05,0.0018,0.319,0.577,138.904,404638,4
55,Al ajako,Amira Mahmoud Mohammadein,0,2014,0.46,0.76,6,-7.926,0,0.08,0,0.0985,0.901,172.263,250000,3
56,Al asafir,Kamal Keila,34,2017,0.684,0.75,6,-5.278,0,0.77,0.0055,0.119,0.959,109.769,320000,4
57,Al asal al naghat,Sharief Elfehail,15,2020,0.627,0.558,10,-6.27,1,0.79,0,0.197,0.906,79.58,234710,4
58,Al bambi,Sharhabil Ahmed,23,2020,0.431,0.666,7,-6.399,1,0.72,0.0009,0.0815,0.964,84.5,325118,4
59,Al bareedo ana,Emad Youssef,13,2018,0.638,0.815,1,-9.008,1,0.59,0,0.0599,0.874,125.133,402470,4
60,Al Hassan,Abdel Karim Alkabli,5,2000,0.786,0.443,10,-6.997,1,0.18,0,0.0829,0.902,126.104,350240,4
61,Al kawkab alfiddhi,Abdel Aziz El Mubarak,1,1989,0.395,0.517,9,-10.507,0,0.4,0.0001,0.983,0.747,111.406,542667,4
62,Al Khourtom,Abdel Karim Alkabli,14,2006,0.551,0.564,7,-6.978,1,0.13,0.0002,0.162,0.646,122.165,549653,4
63,Al Mursal,Mohammed Wardi,23,2018,0.538,0.552,0,-8.056,0,0.28,0.0028,0.0769,0.859,135.847,695016,4
64,Al sourah,Mohammed Wardi,6,2018,0.437,0.683,0,-6.018,1,0.58,0.0014,0.121,0.745,114.069,543976,4
65,Al welaid aldaif,Mustafa Modawi & Ibrahim El Hassan,6,2018,0.464,0.934,7,-6.251,1,0.09,0.552,0.0779,0.71,180.027,467262,3
66,Al zaman zamanak,Abdullah Abdelkader,5,2018,0.47,0.848,9,-6.019,0,0.67,0.0606,0.607,0.433,90.517,371376,3
67,Ala alhabsha,Monzer Ramadan,10,2022,0.86,0.716,7,-12.369,0,0.39,0,0.249,0.468,134.988,221231,3
68,Alagab,Mahmoud Abdulaziz,13,1997,0.506,0.469,0,-15.096,0,0.16,0.638,0.0966,0.736,159.679,329064,3
69,Alahyaf,Mahmoud Abdelaziz,6,1999,0.669,0.368,0,-9.823,0,0.81,0.0004,0.331,0.68,121.066,554711,3
70,Alakhdar abu tageya,Asha Algabal,20,2021,0.63,0.726,10,-7.205,1,0.19,0.0006,0.0797,0.917,85.001,257698,4
71,Alamy wa shagiya,Hanan Bulu Bulu,6,2018,0.23,0.667,2,-6.692,1,0.05,0.0011,0.125,0.866,158.915,211696,3
72,Alarees,Taha Suliman,14,2020,0.466,0.783,1,-3.255,1,0.78,0,0.117,0.94,78.461,175295,4
73,Alaziza,Abdelmonem Abu Sam,4,2020,0.64,0.557,1,-10.505,0,0.47,0.0001,0.0362,0.662,145.229,231784,4
74,Albabalh nawwar,Insaf Fathi,5,2020,0.592,0.855,4,-3.026,1,0.36,0,0.0872,0.84,160.003,231915,5
75,Albahr rayig,Wad Almzad,4,2020,0.78,0.505,1,-8.064,1,0.23,0,0.0872,0.523,171.985,224128,4
76,Albanat azooni,Mohamed Bashir,11,2018,0.642,0.632,9,-6.992,0,0.78,0,0.197,0.735,156.072,224639,4
77,Albarda laina,Roaa Naeem,12,2020,0.777,0.518,0,-9.067,1,0.31,0,0.123,0.876,120.017,218351,4
78,Albeban gosad baad,Mohamed Bashir,8,2021,0.772,0.85,7,-2.904,1,0.22,0,0.563,0.94,149.984,165982,3
79,Albenayya samha,Eman Alshareef,14,2019,0.84,0.516,9,-5.669,1,0.26,0,0.112,0.948,145.053,226011,4
80,Albit alhadeega,Mostafa Sid Ahmed,13,1996,0.68,0.321,6,-15.091,0,0.77,0,0.509,0.872,109.497,311040,4
81,Alfat zaman,Mahmoud Abdelaziz,11,2000,0.553,0.838,5,-1.464,0,0.84,0.0021,0.267,0.725,91.835,775258,4
82,Alfatin alwaseem,Mamoun SwarAldahab,9,2020,0.443,0.7,5,-4.729,1,0.8,0.0009,0.492,0.774,134.706,308976,3
83,Alfatin alwasim,Omer Elamin,8,2017,0.417,0.565,3,-8.98,1,0.9,0,0.283,0.594,112.508,311354,3
84,Algabana,Asha Algabal,17,2022,0.734,0.584,0,-6.595,1,0.03,0.0001,0.0789,0.964,158.168,222877,4
85,Algabana tantina,Abdalla Altayeb,21,2019,0.761,0.904,6,-0.462,0,0.09,0,0.183,0.972,81.973,224705,1
86,Algalb albe’tu,Afrah Esam,16,2012,0.626,0.657,4,-7.882,1,0.49,0,0.295,0.842,159.922,286007,4
87,Algamar boba,Gamal Farfour,3,2021,0.493,0.53,5,-9.479,1,0.83,0,0.507,0.747,153.801,528503,4
88,Algatar algadeed,Mohamed Bashir,13,2020,0.706,0.691,9,-5.637,1,0.28,0,0.0707,0.969,82.445,288095,4
89,Algedai,Mohamed Bashir,17,2017,0.796,0.663,9,-8.317,1,0.22,0,0.0546,0.963,79.944,396479,4
90,Alghalat fi mino,Eman Alshareef,16,2022,0.822,0.726,10,-4.689,0,0.63,0,0.0611,0.944,124.549,240144,3
91,Alginan fil dunya,Asim Albanna,2,2020,0.284,0.373,2,-20.821,1,0.65,0,0.845,0.793,143.242,310256,3
92,Alhabeeb wain?,Ibrahim El Kashif,6,2018,0.255,0.567,4,-7.625,1,0,0.86,0.165,0.567,187.92,115950,4
93,Alhagarok alayya,Insaf Fathi,3,2020,0.603,0.8,3,-4.33,1,0.68,0,0.123,0.94,145.118,368509,3
94,Alhagi,Abdel Gadir Salim All-Stars,2,1991,0.469,0.479,2,-14.359,1,0.87,0.0668,0.116,0.965,174.298,512400,4
95,Alhaqeqa,WD Alzain,5,2019,0.851,0.612,9,-6.146,0,0.53,0,0.0773,0.716,119.958,238000,4
96,Alhawakum aza,Huda Arabi,1,2017,0.504,0.625,4,-9.477,0,0.85,0,0.333,0.896,136.431,332663,3
97,Alhaz darab,Taha Suliman,15,2018,0.587,0.538,10,-15.199,1,0.8,0.115,0.0296,0.97,156.682,288167,3
98,Alhelyewoon,Eman Alshareef,13,2022,0.744,0.62,10,-6.581,1,0.42,0,0.0474,0.872,140.888,290273,3
99,Alhigil belrigil,Mahmoud Abdelaziz,8,1999,0.691,0.519,9,-7.483,0,0.9,0.0152,0.102,0.77,123.787,336959,3
100,Alhilm algameel,Mahmoud Abdelaziz,2,2000,0.277,0.848,2,-2.334,1,0.85,0.0002,0.0819,0.596,80.847,347182,3
101,Alhob altaher,Ahmed Aljigir,0,2019,0.645,0.653,9,-9.249,1,0.82,0.0244,0.251,0.744,127.561,413567,3
102,Alhob ghallab,Cheb Diaa,15,2021,0.658,0.472,11,-8.108,0,0.08,0,0.101,0.819,131.973,249623,3
103,Alhuzn alnabeel,Mostafa Sid Ahmed,19,1992,0.569,0.334,0,-14.775,1,0.65,0,0.0622,0.685,83.523,688327,4
104,Ali,Setona,0,1997,0.532,0.596,7,-9.436,1,0.12,0.417,0.0687,0.916,166.162,281800,3
105,Aljarida,Muhamed El Amin,2,1996,0.586,0.0964,5,-22.955,1,0.71,0,0.0975,0.678,128.061,586853,4
106,Alkoddair ana,Yousif Albarbary,4,2017,0.505,0.912,5,-3.851,1,0.54,0.0003,0.0625,0.813,162.894,192105,4
107,Alla laik ya enayya,Asha Algabal,6,2021,0.619,0.875,10,-4.59,0,0.28,0,0.301,0.884,148.294,360935,3
108,Alla maak,Mohamed Aljazar,0,2010,0.878,0.691,7,-7.714,1,0.24,0,0.153,0.96,134.895,249455,3
109,Allel,Insaf Fathi,7,2020,0.402,0.265,10,-21.48,1,0.62,0,0.3,0.845,136.601,372193,3
110,Allela bellail,Shoukrallah Ezz Eldin,43,2020,0.642,0.521,6,-9.914,0,0.34,0,0.0558,0.855,164.072,203314,4
111,Allela dob,Taha Suliman,15,2020,0.644,0.938,11,-4.03,1,0.76,0.0023,0.464,0.967,119.793,225743,4
112,Allela Lageto,WD Alzain,15,2021,0.713,0.319,3,-13.864,0,0.68,0.0009,0.115,0.503,129.937,228923,4
113,Allela lageto,Gamal Farfour,10,2015,0.644,0.535,6,-12.826,0,0.51,0.0065,0.386,0.944,80.948,330632,4
114,Allela mosafer,Omer Elamin,21,2020,0.602,0.897,1,-6.163,1,0.23,0,0.372,0.736,165.91,228989,4
115,Allela mosafer,Abdelaziz Algalaa,7,2020,0.461,0.334,7,-18.795,1,0.78,0,0.907,0.937,88.019,272640,4
116,Allela sar adeela laik,Salah Ibn Albadia,2,2015,0.381,0.602,0,-5.52,1,0.66,0,0.599,0.766,76.134,476656,4
117,Allela yom alhana,Waleed Juba,9,2020,0.243,0.415,4,-18,0,0.77,0,0.623,0.808,66.555,312085,4
118,Allemoni,Abdel Gadir Salim,1,2003,0.34,0.505,11,-11.214,0,0.87,0,0.14,0.801,182.545,294133,3
119,Almambo alsudani,Sayed Khalifa,2,2015,0.455,0.5,6,-11.257,1,0.91,0,0.336,0.85,92.18,220823,4
120,Almaryod shwya shwya,Gamal Farfour,9,2015,0.648,0.902,2,-4.966,0,0.32,0.0005,0.227,0.889,72.094,190903,3
121,Almaryood,Abdel Gadir Salim All-Stars,10,1991,0.493,0.0347,5,-25.644,1,0.97,0.216,0.119,0.826,163.548,291040,3
122,Almehaira,Taha Suliman,4,2020,0.562,0.742,9,-6.529,1,0.39,0.0001,0.0571,0.773,119.599,438743,3
123,Almogran fil sabah,Asim Albanna,3,2020,0.334,0.235,4,-22.71,0,0.74,0.0001,0.678,0.71,112.62,492748,4
124,Almoshallakh,Mujahid Osman,12,2018,0.62,0.775,0,-5.998,1,0.22,0,0.132,0.961,135.023,240887,3
125,alnas betloom,Huda Arabi,8,2020,0.584,0.209,11,-22.17,0,0.75,0,0.814,0.721,125.548,396774,3
126,Alnasma albetahrig shog,Hussein Alsadig,7,2017,0.556,0.556,10,-13.496,1,0.78,0,0.147,0.874,141.354,424079,4
127,Alneel wa algamar,Insaf Fathi,11,2020,0.532,0.257,9,-22.022,1,0.64,0,0.466,0.962,153.46,335177,4
128,Alozzal,Abdalla Altayeb,7,2019,0.655,0.669,8,-6.697,0,0.25,0,0.0702,0.963,156.871,185339,4
129,Alqadim agmal,Ahmed Amin,10,2019,0.814,0.385,5,-12.689,1,0.47,0.0117,0.114,0.816,138.001,292337,1
130,Alsa’a 10 wa nos,Taha Suliman,5,2020,0.47,0.521,2,-7.078,0,0.4,0,0.159,0.895,140.83,341015,3
131,Alsada allimini,Abdalla Kunna,1,2020,0.344,0.34,4,-20.564,0,0.51,0,0.421,0.728,140.226,249156,3
132,Alsafar,Mahmoud Abdelaziz,8,1996,0.762,0.699,8,-0.907,0,0.82,0.0006,0.112,0.951,106.527,294262,4
133,Alsaid said alkhala,Roaa Naeem,7,2021,0.475,0.725,4,-11.66,0,0.56,0.0129,0.204,0.832,85.464,313151,4
134,Alsalah,Talal Alsatta,12,2017,0.692,0.358,7,-14.287,1,0.8,0.0006,0.0984,0.863,132.751,452075,4
135,Alsaweto ana,Mohamed Aljazar,1,2010,0.778,0.728,11,-4.493,0,0.03,0,0.296,0.71,112.463,265703,3
136,Alshaghleen foaadi,Nojoud Ajab,8,2020,0.315,0.21,2,-21.808,1,0.67,0,0.362,0.752,138.95,261799,3
137,Alshahid Gamar,Abdel Karim Alkabli,5,2009,0.438,0.499,0,-11.696,1,0.8,0.0222,0.184,0.788,110.643,574227,4
138,Alshama,Mohamed Bashir,8,2018,0.806,0.765,6,-5.092,0,0.27,0,0.101,0.838,158.974,212135,3
139,Alshog llbalad,Mohamed Alnasri,6,2018,0.546,0.38,4,-12.94,1,0.89,0.0486,0.108,0.88,74.908,342100,4
140,Alshog wa arraid,Mahmoud Abdelaziz,9,2005,0.607,0.724,9,-1.487,0,0.85,0.0231,0.112,0.539,105.905,525634,5
141,Altaganni,Makarim Bashir,2,2020,0.246,0.246,3,-20.089,1,0.58,0,0.29,0.554,176.504,337894,3
142,Alwadauo ertahalu,Mahmoud Abdelaziz,14,2016,0.252,0.691,7,-11.282,0,0.37,0.0005,0.318,0.501,68.22,517714,4
143,Alwaseyya,Makarim Bashir,11,2020,0.417,0.343,2,-19.229,1,0.7,0,0.44,0.843,81.075,443115,4
144,Alwezzena oumi,Ahmed Aljigir,2,2019,0.435,0.673,7,-10.201,1,0.82,0.0001,0.341,0.808,76.589,232031,4
145,Alzohor basamat laina,Insaf Fathi,4,2020,0.568,0.25,9,-21.763,1,0.65,0,0.785,0.856,107.842,311798,4
146,Alzol alagibna,Mohamed Aljazar,14,2018,0.349,0.747,9,-6.752,1,0.68,0,0.844,0.954,78.139,145487,4
147,Amani,Mohamed Alnasri,5,2015,0.549,0.499,9,-10.693,0,0.74,0.0114,0.16,0.964,78.341,427860,4
148,Amel,Nancy Ajaj,7,2021,0.345,0.322,0,-16.045,1,0.94,0.207,0.0931,0.484,169.101,406487,4
149,Amshy shoof,Abu Obaida Hassan,3,2018,0.588,0.577,2,-13.847,1,0.73,0.022,0.0937,0.327,87.222,302283,4
150,Ana Aisha algabaleya,Asha Algabal,14,2021,0.388,0.634,0,-8.446,1,0.33,0,0.565,0.778,167.753,446639,3
151,Ana bashbahak,Gamal Musbah,14,2021,0.454,0.522,0,-5.648,1,0.79,0,0.118,0.712,153.913,68447,3
152,Ana bek saadti moakada,Omer Elamin,3,2017,0.405,0.536,3,-8.777,1,0.87,0.0001,0.285,0.649,84.754,350119,4
153,Ana fil tamanni,Omer Elamin,4,2017,0.489,0.797,8,-6.479,1,0.75,0.0004,0.714,0.666,86.237,395781,4
154,Ana ghairak ma habbet,Mamoun SwarAldahab,7,2017,0.358,0.889,2,-5.483,1,0.64,0.0294,0.314,0.879,151.259,449951,3
155,Ana lai sahba,Hiba Jabra,5,2020,0.397,0.849,10,-7.279,1,0.13,0.0001,0.314,0.747,167.785,564088,3
156,Ana laihom bagool kalam,Gamal Farfour,5,2015,0.523,0.872,5,-3.476,1,0.27,0,0.423,0.868,80.515,354900,4
157,Ana ma maakom,Wad Almzad,12,2020,0.771,0.746,5,-6.253,0,0.02,0,0.118,0.637,159.995,270375,4
158,Ana Mali,Abdel Karim Alkabli,4,2006,0.648,0.586,7,-9.346,1,0.14,0.0029,0.0493,0.962,90.036,390427,4
159,Ana mali wa malo,Makarim Bashir,4,2021,0.432,0.511,8,-10.988,0,0.48,0,0.477,0.788,137.931,285336,3
160,Ana rasim fi galbi,Huda Arabi,11,2020,0.354,0.298,0,-21.363,1,0.63,0,0.847,0.959,152.197,153391,3
161,Ana zol aadi,Ahmed Amin,10,2019,0.629,0.332,2,-10.847,1,0.43,0,0.0743,0.854,175.914,139798,4
162,Andreya,Nancy Ajaj,13,2021,0.427,0.136,5,-20.747,1,0.96,0.011,0.0983,0.702,123.623,417335,4
163,Argos farfish,Sharhabil Ahmed,37,2020,0.682,0.894,9,-5.084,1,0.76,0.251,0.107,0.977,81.964,278000,4
164,Arraid arraid ya ahal,Majzoub Ounsa,7,2018,0.474,0.721,0,-6.99,0,0.11,0.918,0.361,0.694,156.258,289602,4
165,Asal algibal,Eman Alshareef,20,2021,0.835,0.536,4,-7.631,0,0.44,0,0.0599,0.929,135.003,263184,4
166,Asal belqishta,Asha Algabal,15,2021,0.536,0.547,1,-11.752,1,0.8,0,0.0406,0.93,111.916,405682,4
167,Asela laisat llegaba,Mostafa Sid Ahmed,12,1992,0.493,0.425,0,-15.371,1,0.05,0.0001,0.279,0.617,94.652,527726,4
168,Ashan breedak,Kamal Tarbas,10,1985,0.497,0.52,4,-6.057,0,0.78,0.0002,0.0531,0.833,137.802,609880,3
169,Ashekh Seyaroh,Rasha,5,1997,0.475,0.306,11,-13.356,1,0.58,0,0.247,0.971,68.393,320850,4
170,Ashku laik ya rabbi,Omer Elamin,4,2016,0.514,0.375,5,-10.077,0,0.74,0.129,0.621,0.619,101.231,179984,4
171,Asiya Addam'ee,Abdel Karim Alkabli,4,2000,0.497,0.376,7,-10.092,1,0.7,0.047,0.0724,0.457,116.398,1223333,4
172,Asmar,Abd al Hafiz Karar,1,1999,0.612,0.128,0,-29.394,1,0.87,0.428,0.0842,0.898,167.119,334573,4
173,Asmar gameel,Mohamed Aljazar,10,2013,0.667,0.803,5,-4.032,0,0.41,0,0.304,0.974,149.909,233735,4
174,Asmari,Gamal Musbah,19,2019,0.683,0.632,3,-6.791,1,0.81,0,0.0967,0.848,75.075,228859,4
175,Asyad allwari,Roaa Naeem,29,2020,0.724,0.467,2,-15.123,0,0.57,0,0.0989,0.978,144.004,198113,4
176,Awsaf habeebak,Talal Alsatta,12,2021,0.726,0.47,11,-9.606,1,0.52,0,0.16,0.695,101.999,398054,3
177,Ayam safana,Mahmoud Abdelaziz,6,1996,0.381,0.603,8,-5.112,1,0.88,0.0087,0.141,0.613,201.456,460631,4
178,Ayam wafana,Abdel Karim Alkabli,7,2006,0.469,0.724,7,-5.843,1,0.19,0.0094,0.0674,0.806,101.417,408267,1
179,Ayamna,Abdalla Kunna,3,2020,0.344,0.389,11,-19.323,0,0.71,0.0025,0.377,0.708,160.402,360307,4
180,Azara alhai,Rasha,33,1997,0.719,0.427,0,-10.358,0,0.7,0.0009,0.137,0.754,77.991,387903,4
181,Azara alhay,Abdul Aziz Mohammed Daoud,1,2018,0.569,0.595,5,-10.799,1,0.8,0.0031,0.109,0.881,92.766,537240,4
182,Azkurini ya hamama,Gamal Farfour,11,2015,0.625,0.519,5,-7.966,0,0.93,0.0001,0.333,0.669,112.169,418727,3
183,Azza,Moddathir Meshmesh,0,2014,0.463,0.816,10,-2.824,1,0.4,0,0.41,0.879,110.283,462200,4
184,Azzinik erifti,Mostafa Sid Ahmed,14,1992,0.423,0.34,7,-14.395,1,0.29,0.0002,0.105,0.836,203.764,463700,3
185,Baad algheyab,Mahmoud Abdelaziz,8,2007,0.513,0.363,10,-14.478,0,0.77,0.0088,0.133,0.655,85.483,702647,4
186,Babadelom berraid bebadluni be azeya,Hiba Jabra,7,2020,0.429,0.865,0,-6.862,0,0.19,0,0.204,0.799,112.036,582661,4
187,Badr albudur,Ahmed Amin,18,2019,0.696,0.461,5,-13.14,1,0.27,0,0.125,0.726,173.037,187399,4
188,Badr assama,Malaz Ghazi,3,2020,0.374,0.269,11,-22.101,1,0.77,0,0.37,0.777,141.791,323239,3
189,Badur Musa,Hiba Jabra,6,2020,0.53,0.865,6,-6.772,1,0.3,0.0549,0.0902,0.914,159.917,261068,4
190,Bafrah beha,Mahmoud Abdelaziz,11,2002,0.518,0.719,5,-1.076,1,0.49,0.0001,0.227,0.612,161.388,527650,4
191,Bahisik,Mahmoud Abdelaziz,17,2016,0.446,0.666,10,-6.241,1,0.87,0.0038,0.852,0.848,173.947,325474,4
192,Bahjat omri,Huda Arabi,12,2020,0.652,0.24,2,-20.81,1,0.73,0,0.426,0.967,118.886,203781,4
193,Bahsim alfawda,Talal Alsatta,12,2017,0.807,0.868,6,-6.641,0,0.74,0,0.131,0.95,142.442,342152,3
194,Bain alyaqiza wa alahlam,Alblabel,1,2000,0.361,0.6,0,-3.388,1,0.8,0.0003,0.26,0.47,151.456,439223,4
195,Baitna nawwar,Waleed Juba,7,2020,0.356,0.291,7,-22.433,1,0.69,0.0001,0.353,0.882,110.389,395912,3
196,Baket albakani,Asha Algabal,22,2020,0.731,0.769,0,-5.293,1,0.41,0,0.218,0.866,79.925,140957,4
197,Balad Alsamahat,Kabli,1,2009,0.725,0.511,2,-9.675,1,0.35,0,0.0392,0.825,118.018,503627,4
198,Baladi,Mohamed Alnasri,4,2018,0.552,0.666,9,-4.561,1,0.82,0.0418,0.0972,0.961,70.261,785231,4
199,Banat alhoor,Mahmoud Abdelaziz,5,2013,0.552,0.915,10,-0.032,1,0.14,0.199,0.395,0.927,157.845,356614,4
200,Bareedak ya habibi,Gamal Farfour,12,2015,0.47,0.75,5,-12.211,0,0.19,0.925,0.174,0.906,101.942,381806,4
201,Bareedk,Mahmoud Abdelaziz,4,2000,0.614,0.751,7,-3.348,1,0.83,0.0001,0.18,0.761,136.189,347938,3
202,Barrag al oyoon,Abdel Karim Alkabli,5,2010,0.553,0.557,4,-9.886,0,0.42,0,0.0618,0.83,122.028,564200,3
203,Bartah laik,Mahmoud Abdelaziz,7,2001,0.484,0.472,2,-13.005,1,0.84,0.0036,0.139,0.79,153.881,643607,4
204,Basbara,Sidi Doshka,0,2012,0.572,0.36,0,-8.609,1,0.89,0,0.136,0.868,135.739,167720,4
205,Basma,Gamal Farfour,15,2015,0.765,0.452,2,-15.765,0,0.64,0.0256,0.0797,0.92,157.053,327236,4
206,Bassama,Abdel Gadir Salim All-Stars,8,1991,0.398,0.479,2,-13.867,0,0.77,0.027,0.103,0.916,175.285,288027,3
207,Begeet tamor bena,Egd Aljwaher Band,7,2018,0.713,0.744,0,-3.321,1,0.4,0,0.202,0.685,122.73,355127,1
208,Behokm elseid,Amira Mahmoud Mohammadein,0,2014,0.587,0.862,2,-5.949,1,0.22,0,0.0558,0.868,132.803,447400,3
209,Benayya,Moddathir Meshmesh,0,2014,0.436,0.744,9,-4.474,1,0.45,0,0.112,0.894,149.376,378090,4
210,Benhib baad,Taha Suliman,15,2021,0.785,0.541,1,-7.352,1,0.57,0,0.0411,0.911,162.024,201953,4
211,Benreed al letam,The Scorpios,4,2017,0.874,0.557,0,-8.427,1,0.8,0,0.0583,0.872,135.9,200456,4
212,Besslama,Mostafa Sid Ahmed,9,1992,0.518,0.841,6,-2.621,0,0.61,0,0.343,0.505,125.378,753231,3
213,Betgoli la,Abdelmonem Abu Sam,2,2020,0.6,0.669,7,-8.566,1,0.51,0.057,0.115,0.776,152.951,335621,4
214,Betna nawwar,Shukralla Izzalden,3,2018,0.585,0.693,10,-5.522,1,0.26,0.0018,0.0443,0.871,166.644,322919,4
215,Bi saraha,Abdel Aziz El Mubarak,2,1989,0.425,0.445,10,-11.685,1,0.7,0,0.833,0.742,80.048,415933,4
216,Bi saraha,Insaf Fathi,6,2020,0.476,0.277,0,-21.213,0,0.7,0.0053,0.627,0.639,80.395,295654,4
217,Biladi,A.G Nimeri,13,2020,0.82,0.232,5,-12.645,1,0.28,0,0.1,0.304,118.07,218839,4
218,Bisharook,Taha Suliman,15,2018,0.586,0.483,9,-19.055,1,0.72,0.726,0.341,0.965,122.627,201863,4
219,Bit almuluk,Taha Suliman,6,2020,0.537,0.461,3,-5.208,0,0.78,0,0.0762,0.367,115.852,227927,4
220,Bitgooli la,Abdel Aziz El Mubarak,15,1999,0.424,0.652,10,-10.506,1,0.18,0.0014,0.0914,0.882,161.71,488707,4
221,Bitzid min azabi,Abdel Gadir Salim,5,1999,0.482,0.418,11,-13.54,0,0.79,0,0.106,0.881,83.9,378827,4
222,Boaadak tal,Gamal Musbah,4,2021,0.641,0.391,1,-14.678,1,0.53,0.0015,0.0835,0.734,160.014,163971,4
223,Bringi,Soulja,34,2022,0.713,0.652,1,-10.256,1,0.11,0.0001,0.0651,0.44,95.552,139309,4
224,Bulbultain,Sharhabil Ahmed,7,2017,0.639,0.305,7,-11.781,1,0.77,0.0003,0.146,0.899,137.668,262316,4
225,Charleston,Soulja,27,2021,0.824,0.353,0,-14.008,1,0.33,0,0.179,0.504,83.042,190843,4
226,Chix Bahri,Ahmed Aljigir,2,2020,0.725,0.672,0,-9.819,0,0.84,0,0.232,0.922,157.976,224888,3
227,Daggat galbi,Hussein Alsadig,10,2012,0.749,0.684,6,-7.933,0,0.33,0,0.124,0.974,137.5,271319,3
228,Dallouka,Oum Dermam Stars,17,2017,0.383,0.899,1,-3.937,0,0.55,0,0.167,0.737,83.002,347974,4
229,Dam alshaheed,Ahmed Amin,15,2020,0.437,0.0989,6,-16.381,1,0.97,0,0.101,0.664,150.071,127200,3
230,Damee al itshattat,Mustafa alsunni,3,1999,0.651,0.149,0,-26.243,1,0.84,0.103,0.0951,0.875,81.412,369827,4
231,Damet al ashwag,Moddathir Meshmesh,2,2014,0.493,0.764,0,-3.75,0,0.48,0,0.0565,0.883,154.993,354720,4
232,Damir qawamak,Shukralla Izzalden,8,2021,0.476,0.349,1,-14.307,1,0.72,0,0.427,0.81,124.915,434730,3
233,Daneen al waadi,Abdel Karim Alkabli,6,2010,0.411,0.509,7,-9.723,1,0.63,0.0299,0.107,0.749,103.221,742013,4
234,Dannab,Abdel Karim Alkabli,5,2009,0.427,0.479,5,-8.806,1,0.72,0.0055,0.149,0.751,136.738,317360,3
235,Dar gaal,Eman Alshareef,16,2021,0.609,0.594,10,-5.056,0,0.4,0.0075,0.133,0.867,116.93,223948,4
236,Dayer anwer lek,Abu Obaida Hassan,8,2018,0.733,0.547,8,-11.521,0,0.84,0,0.343,0.962,78.676,303085,4
237,Deel ahom,Taha Suliman,3,2021,0.649,0.546,10,-7.812,0,0.01,0,0.0593,0.913,81.957,266371,4
238,Di hafeyya,Eman Alshareef,22,2020,0.798,0.724,6,-4.702,1,0.57,0,0.086,0.75,138.048,185913,4
239,Diya wo ailan,Rasha,12,1997,0.738,0.476,4,-12.782,0,0.72,0,0.0601,0.928,152.115,264786,4
240,Droob al shoag,Abdelmoniem Ekhaldi,3,2018,0.421,0.635,11,-8.868,0,0.81,0.0387,0.088,0.635,153.419,328430,3
241,Dum tik tik,Taha Suliman,16,2021,0.697,0.654,8,-6.047,1,0.23,0,0.139,0.733,81.096,205166,3
242,Dunya gahreeba,Ahmed Amin,12,2019,0.848,0.53,6,-12.15,1,0.28,0,0.0534,0.954,109.999,221053,4
243,Dunya ya farraqa,Eman Alshareef,23,2021,0.723,0.697,8,-4.283,1,0.4,0,0.117,0.795,119.976,246805,4
244,Dunyatna algameela,Mahmoud Abdelaziz,4,2002,0.458,0.875,7,-4.18,1,0.08,0.0003,0.251,0.831,79.158,314242,4
245,Durrati alghalia,Omer Elamin,19,2021,0.763,0.798,3,-8.708,0,0.4,0,0.0526,0.759,139.925,290560,4
246,Egd allooli,Shukralla Izzalden,8,2018,0.515,0.759,9,-5.671,1,0.4,0.183,0.0583,0.813,178.407,393503,4
247,Egd allooli,Gamal Farfour,2,2015,0.406,0.847,0,-6.569,1,0.13,0.0034,0.344,0.429,136.496,306469,4
248,Eiounak feha sheea,Kamal Tarbas,7,1980,0.439,0.484,0,-9.682,1,0.82,0,0.194,0.85,134.422,286480,3
249,Ejo aideen,The Scorpios,28,2017,0.838,0.43,9,-10.937,0,0.22,0.0122,0.113,0.825,133.721,279406,3
250,El Gayma Banbona & Dannab,Abdel Karim Alkabli,7,2010,0.397,0.636,5,-9.197,1,0.47,0.0001,0.188,0.726,125.879,578000,3
251,El Ghaddara Deema,Amira Mahmoud Mohammadein,0,2014,0.542,0.666,5,-7.988,1,0.56,0,0.112,0.936,131.073,220800,3
252,El Khadar Khadari,Amira Mahmoud Mohammadein,0,2014,0.545,0.728,3,-6.997,1,0.5,0,0.537,0.946,139.343,445600,4
253,El Medalal Dah,Kamal Tarbas,7,1980,0.538,0.473,2,-10.023,1,0.89,0.0002,0.185,0.92,79.66,325160,4
254,El raid yegmaa,Kamal Tarbas,14,1980,0.538,0.583,2,-7.804,1,0.77,0,0.286,0.832,81.69,359267,4
255,Enai ma tabki,Mahmoud Abdulaziz,13,1997,0.542,0.435,5,-16.942,0,0.07,0.0037,0.402,0.734,100.819,445858,3
256,Enai ma tabki,Sabah Abdalla,0,2021,0.535,0.364,0,-11.079,1,0.62,0,0.807,0.684,111.606,296255,3
257,Endi kalma,Mahmoud Abdelaziz,5,2000,0.604,0.929,0,0.229,1,0.81,0.0338,0.0762,0.707,102.857,538198,4
258,Ennaya,Amira Mahmoud Mohammadein,0,2014,0.56,0.763,10,-7.328,1,0.09,0,0.0728,0.901,131.809,222293,3
259,Enta aarif,Huda Arabi,6,2020,0.438,0.335,7,-18.754,1,0.7,0,0.881,0.875,132.954,307096,3
260,Enta hayati,Gamal Farfour,15,2015,0.413,0.494,7,-12.015,0,0.2,0.0856,0.12,0.502,116.26,331050,4
261,Enta ma magboor alaina,Alblabel,0,2000,0.294,0.644,1,-5.437,0,0.99,0.628,0.434,0.947,81.251,356759,4
262,Enta wa ana,Eman Alshareef,22,2021,0.756,0.779,8,-3.706,1,0.14,0,0.0786,0.85,135.004,255687,3
263,Entahat,Wad Almzad,9,2020,0.879,0.494,5,-9.475,0,0.41,0,0.106,0.49,93,242581,4
264,Ente alzola,Shukralla Izzalden,3,2019,0.502,0.41,5,-12.278,0,0.28,0.0072,0.181,0.702,170.724,350782,4
265,Ente layya,Mostafa Sid Ahmed,8,1992,0.533,0.51,10,-11.052,0,0.66,0,0.305,0.595,108.378,549660,4
266,Esheqta shadin,Moddathir Meshmesh,0,2014,0.689,0.652,7,-3.464,0,0.29,0.008,0.0437,0.825,132.492,264748,4
267,Etab,Hussein Alsadig,5,2017,0.394,0.303,9,-13.657,0,0.79,0.0001,0.334,0.766,145.469,340391,3
268,Etafagna,Nada Algalaa,4,2014,0.572,0.587,6,-11.405,1,0.59,0,0.353,0.714,142.47,413087,3
269,Eyoni eyonak,Mahmoud Abdelaziz,0,1996,0.644,0.519,3,-7.511,1,0.79,0.0009,0.12,0.819,96.951,288767,4
270,Ezz eljamor,Kamal Tarbas,11,1980,0.541,0.474,0,-10.528,1,0.8,0,0.14,0.753,128.586,508587,3
271,Fara al ban entaka,Kamal Tarbas,5,1985,0.408,0.816,2,-5.034,1,0.79,0.0004,0.248,0.919,158.349,365560,4
272,Fara almahlab,Roaa Naeem,10,2021,0.889,0.423,1,-9.725,1,0.41,0,0.0902,0.938,119.954,238629,4
273,Faragna aaz alnas,Eman Alshareef,14,2021,0.383,0.427,11,-9.553,1,0.68,0,0.405,0.425,133.283,404140,4
274,Faragooni,Abu Obaida Hassan,5,2018,0.602,0.725,10,-12.363,1,0.91,0.452,0.106,0.975,164.788,205429,4
275,Farhat eid,Ahmed Amin,14,2019,0.802,0.526,4,-12.738,1,0.2,0,0.254,0.681,157.984,226678,4
276,Feek raieh baly,Abdel Karim Alkabli,7,2008,0.581,0.762,11,-7.693,0,0.29,0,0.046,0.838,146.978,446320,3
277,Feriea al ban,Amira Mahmoud Mohammadein,0,2014,0.65,0.706,8,-7.276,1,0.19,0,0.0609,0.895,134.584,450400,3
278,Fi aldawahi,Insaf Fathi,2,2020,0.656,0.484,11,-10.77,0,0.65,0.104,0.314,0.811,151.443,580336,3
279,Fi eyonik,Mostafa Sid Ahmed,17,1992,0.439,0.551,2,-9.054,1,0.17,0.0003,0.657,0.77,119.592,596585,4
280,Fi ezz allel,Abdel Karim Alkabli,4,2006,0.502,0.576,11,-10.251,0,0.07,0.127,0.0611,0.91,125.67,993000,4
281,Fi gheyabak,Mohamed Alnasri,6,2018,0.577,0.329,9,-17.65,1,0.79,0.0149,0.107,0.678,85.449,579448,4
282,Fi hawak ya gameel,Asim Albanna,10,2020,0.398,0.326,5,-20.263,0,0.73,0,0.543,0.832,156.535,396617,4
283,Fi khdedo shama,Hussein Alsadig,5,2011,0.391,0.185,7,-13.934,1,0.88,0,0.355,0.676,70.416,229463,4
284,Fil tammani,Mahmoud Abdelaziz,14,2013,0.429,0.562,9,-9.873,1,0.52,0,0.747,0.595,179.105,282454,4
285,Fortaigt om labos,Abdel Karim Alkabli,4,2006,0.768,0.404,0,-14.097,1,0.33,0.0001,0.0606,0.924,120.091,320360,4
286,Furagak har,Talal Alsatta,13,2019,0.676,0.784,7,-4.152,1,0.69,0,0.0977,0.786,128.085,177998,4
287,Gafani,Amjad Bagera,10,2020,0.541,0.957,4,0.144,1,0.55,0,0.353,0.878,163.506,302132,3
288,Galbak leh tabaddal,Insaf Fathi,9,2020,0.663,0.251,10,-22.146,1,0.7,0,0.29,0.884,114.235,181029,4
289,Galbi la tahwa tani,Samira Dunia,7,2018,0.503,0.473,9,-7.063,0,0.03,0.0001,0.0813,0.809,123.692,274496,3
290,Galbi maho shadeed,Mahmoud Abdelaziz,15,2013,0.677,0.749,1,-9.199,1,0.5,0.3,0.0996,0.93,104.942,443518,4
291,Galbi malu alyom,Gamal Musbah,11,2019,0.405,0.195,6,-10.648,1,0.91,0,0.225,0.758,128.581,137064,4
292,Galbi zad ham,Talal Alsatta,14,2016,0.618,0.742,10,-6.344,1,0.87,0,0.264,0.847,140.988,213629,4
293,Galu lai ayyan,Talal Alsatta,17,2017,0.761,0.529,10,-6.996,1,0.95,0,0.22,0.849,119.854,205270,4
294,Gamar Alzaman,Mostafa Sid Ahmed,14,1996,0.784,0.233,0,-16.301,1,0.73,0,0.0997,0.936,109.502,653401,4
295,Gamar dawa,Sharhabil Ahmed,19,2020,0.619,0.774,7,-4.812,1,0.73,0.0257,0.0681,0.972,83.589,317375,4
296,Gana al babay,Kamal Tarbas,18,1985,0.554,0.627,5,-7.784,0,0.87,0,0.158,0.951,77.185,430560,4
297,Ganaya albreedo,Taha Suliman,22,2020,0.82,0.5,10,-10.896,1,0.66,0,0.0909,0.968,136.963,335961,4
298,Garamak,Abdel Karim Alkabli,4,2006,0.735,0.54,11,-10.16,0,0.41,0.0034,0.0748,0.91,85.953,448440,4
299,Gaseem raidi,Asha Algabal,5,2021,0.554,0.781,1,-7.172,1,0.31,0,0.379,0.817,167.877,371592,3
300,Gaye tafatish almadi,Kamal Tarbas,7,1985,0.415,0.511,7,-6.343,1,0.68,0,0.113,0.715,136.495,492813,3
301,Gdreshinnaha,Abdel Gadir Salim,3,1999,0.567,0.38,2,-15.686,1,0.69,0.0036,0.113,0.814,87.085,579267,4
302,Gedudna zaman,Ahmed Amin,12,2020,0.703,0.34,7,-14.838,0,0.45,0.0001,0.116,0.598,144.995,233114,4
303,Geebuhu lai,Noon Alankabota,22,2022,0.661,0.673,0,-9.191,1,0.26,0.0004,0.112,0.65,122.319,190463,5
304,Geenaki,Abdel Gadir Salim,2,2003,0.383,0.3,0,-15.68,1,0.9,0.0051,0.114,0.637,146.072,463627,3
305,Geet tagol alraida khowa,Gamal Farfour,0,2015,0.545,0.803,5,-5.543,1,0.66,0.0252,0.357,0.842,83.893,208013,4
306,Geeta tani,Mahmoud Abdelaziz,9,2006,0.646,0.486,7,-9.03,1,0.55,0.0003,0.346,0.778,134.347,305638,3
307,Getar alshoog,Alblabel,1,2000,0.355,0.583,9,-7.092,1,0.98,0.447,0.136,0.718,104.627,292103,4
308,Ghab an aini,Insaf Fathi,7,2020,0.493,0.288,10,-21.306,1,0.64,0,0.758,0.933,154.199,305685,4
309,Ghab toumi,Abdel Gadir Salim,1,1999,0.453,0.491,7,-15.125,1,0.79,0.104,0.112,0.702,112.697,589733,4
310,Ghadabak gameel,Abdalla Kunna,3,2020,0.536,0.264,7,-19.675,1,0.68,0.0001,0.749,0.586,114.9,442776,3
311,Ghalabna alhawa,Mahmoud Abdelaziz,6,2002,0.739,0.886,5,-1.327,1,0.31,0.0118,0.148,0.646,111.897,401506,4
312,Ghaltan ana,Abd al Hafiz Karar,1,1999,0.47,0.113,9,-27.887,0,0.85,0.391,0.101,0.863,165.794,465333,4
313,Ghanena lelsittat,Taha Suliman,3,2020,0.515,0.255,0,-21.753,1,0.72,0,0.57,0.5,97.281,478171,4
314,Ghanna algomri ala alghoson,Ahmed Fathallah,3,2020,0.423,0.264,4,-17.565,0,0.84,0,0.597,0.765,126.76,46289,1
315,Ghannet laik,Mahmoud Abdelaziz,2,1997,0.36,0.87,2,1.681,1,0.87,0.0001,0.374,0.72,144.801,298690,3
316,Ghannu ya ekhwani,Abdel Gadir Salim,4,1999,0.553,0.432,10,-15.083,1,0.8,0.0243,0.0997,0.93,74.063,456640,4
317,Ghazalia,Gamal Farfour,12,2015,0.467,0.923,9,-2.619,0,0.73,0.0001,0.445,0.847,85.547,172069,4
318,Ghosn alreyad,Mahmoud Abdelaziz,8,1996,0.477,0.604,1,-8.499,1,0.83,0.0005,0.0737,0.921,190.71,368231,4
319,Gismi almanhool,Mohab Osman,4,2020,0.327,0.377,2,-20.067,0,0.68,0,0.903,0.653,111.095,542067,4
320,Gismy almanhool,Nancy Ajaj,12,2021,0.424,0.275,1,-18.723,0,0.97,0.133,0.0923,0.817,163.267,379768,4
321,Glebi,Asha Algabal,25,2021,0.72,0.595,5,-6.008,0,0.48,0,0.216,0.943,155.021,105430,4
322,Gorbak befarihni,Mahmoud Abdelaziz,0,1994,0.639,0.582,1,-9.266,0,0.75,0.003,0.217,0.862,155.043,335266,4
323,Gulu mashallah,Talal Alsatta,16,2017,0.707,0.701,1,-5.647,1,0.34,0,0.0593,0.902,165.989,252108,4
324,Habayebi alhilween,Hassoun,10,2017,0.512,0.722,3,-9.044,1,0.79,0,0.411,0.783,152.836,283247,4
325,Habbet ghairo,Mahmoud Abdelaziz,4,2002,0.454,0.912,7,-4.852,1,0.62,0.0019,0.558,0.694,151.449,412522,3
326,Habbetak wa neseet alkalam,Omer Elamin,12,2018,0.438,0.461,5,-10.398,0,0.78,0.0035,0.645,0.757,115.412,367595,4
327,Habbeto ma habbani,Nojoud Ajab,8,2020,0.232,0.286,11,-19.084,0,0.79,0,0.598,0.614,169.52,400039,3
328,Habbeto ma habbani,Aamir Babiker,5,2020,0.702,0.434,5,-10.926,0,0.05,0,0.396,0.861,115.053,240095,4
329,Habeebi etlagena marra,Huda Arabi,12,2020,0.35,0.244,5,-22.445,1,0.44,0,0.569,0.575,123.64,463726,4
330,Habib taal,Moddathir Meshmesh,0,2014,0.647,0.829,3,-1.943,1,0.4,0.0013,0.0838,0.675,102.916,377960,4
331,Habibi,Muhamed El Amin,1,1996,0.641,0.145,7,-23.015,1,0.82,0,0.112,0.936,91.15,439333,4
332,Habibi anta taalam,Gamal Farfour,6,2015,0.298,0.939,11,0.898,0,0.63,0,0.696,0.832,148.989,322586,3
333,Habibi gannani,Salah Alamin,3,2020,0.501,0.246,4,-22.432,0,0.61,0,0.727,0.736,109.303,234867,4
334,Habibi taal nitlam,Mamoun SwarAldahab,7,2017,0.347,0.918,5,-3.045,1,0.77,0.0023,0.223,0.886,172.072,231791,4
335,Habsha,Flippter,37,2022,0.928,0.589,10,-8.233,0,0.5,0,0.191,0.872,123.045,145366,4
336,Haggi ana,Roaa Naeem,19,2021,0.75,0.661,3,-8.683,1,0.06,0,0.128,0.964,159.829,202967,4
337,Hairan filhub,Abdalla Kunna,3,2020,0.485,0.316,5,-20.73,0,0.61,0,0.907,0.789,153.119,295445,4
338,Hajaboho,Huda Arabi,5,2020,0.415,0.214,10,-24.252,1,0.63,0,0.62,0.776,140.407,283794,3
339,Hal tadri ya naasan,Asim Albanna,7,2020,0.297,0.341,7,-19.845,0,0.61,0,0.481,0.765,138.368,418873,3
340,Hal tadri ya naasan,Asim Albanna,0,2020,0.295,0.341,7,-19.845,0,0.61,0,0.481,0.771,138.724,418873,3
341,Hala belfurag ya hala,Hiba Jabra,15,2020,0.529,0.832,8,-6.791,0,0.14,0.0005,0.194,0.814,167.961,334054,3
342,Hala Kassla,Kamal Tarbas,11,1980,0.579,0.493,2,-11.592,0,0.77,0,0.185,0.951,86.342,378640,4
343,Halaf belyamin,Talal Alsatta,14,2018,0.728,0.479,0,-8.465,1,0.68,0,0.177,0.675,132.834,227187,4
344,Haneen,Abdalla Altayeb,4,2018,0.662,0.539,2,-8.568,0,0.63,0,0.104,0.723,99.869,212820,4
345,Haneen,Nancy Ajaj,8,2021,0.465,0.223,1,-21.11,0,0.82,0.0117,0.108,0.78,100.991,431639,4
346,Haneeni elek,Mahmoud Abdelaziz,7,2002,0.351,0.767,9,-3.83,0,0.69,0.0032,0.56,0.659,159.984,495682,3
347,Hasadoni feeho algorab,Hiba Jabra,6,2020,0.374,0.888,7,-7.046,0,0.25,0,0.121,0.776,167.695,669388,3
348,Hasdeeni bigsu alai,Hiba Jabra,4,2020,0.362,0.878,7,-6.981,0,0.14,0.0003,0.147,0.776,167.841,745979,3
349,Hati laina sabah,Mahmoud Abdelaziz,0,1996,0.68,0.804,6,-0.29,1,0.8,0.0254,0.232,0.737,118.347,532906,4
350,Haweet gamal ma ansafni,Insaf Fathi,2,2020,0.661,0.626,4,-8.189,0,0.72,0,0.675,0.927,137.567,540212,3
351,Hayarta galbi maak,Eman Alshareef,13,2021,0.467,0.411,6,-12.055,0,0.46,0,0.652,0.77,159.148,347899,4
352,Hazzu tayeb,Mahmoud Abdelaziz,13,2013,0.591,0.881,7,-0.697,1,0.19,0.001,0.331,0.869,164.393,255058,3
353,Hbayeb algalib,Hiba Jabra,7,2020,0.427,0.868,11,-6.835,1,0.29,0.0001,0.149,0.81,149.684,321202,3
354,Heera,Nancy Ajaj,8,2021,0.415,0.392,5,-14.525,0,0.88,0.24,0.0946,0.703,161.951,450551,3
355,Hekayti maak,Mahmoud Abdelaziz,7,2009,0.484,0.575,11,-4.259,0,0.85,0,0.171,0.731,159.419,495070,4
356,Helewa ya bassama,Sabah Abdalla,0,2021,0.567,0.694,5,-11.904,0,0.59,0.0081,0.178,0.931,167.227,285911,3
357,Hilwa Alsudsa - Live,Abdel Aziz El Mubarak,2,1989,0.493,0.572,4,-9.36,0,0.33,0.0002,0.971,0.671,118.756,481507,4
358,Hirman,Abdel Karim Alkabli,15,2006,0.48,0.579,7,-8.173,1,0.04,0.0297,0.0947,0.583,126.291,423107,4
359,Hirman,Sharhabil Ahmed,6,2017,0.667,0.536,4,-9.054,0,0.35,0.0068,0.174,0.731,105.002,639483,4
360,Hob al nas mazahib,Kamal Tarbas,5,1985,0.453,0.486,11,-8.145,0,0.58,0.0001,0.111,0.809,135.157,415453,3
361,Hodana,Abdelmonem Abu Sam,2,2020,0.634,0.531,9,-7.151,0,0.56,0.216,0.0703,0.965,153.23,280451,4
362,Horga wa shagan,Mohamed Alnasri,4,2018,0.62,0.344,9,-13.94,1,0.86,0.005,0.106,0.93,144.115,399517,4
363,Hubbi alrazin,Abd al Hafiz Karar,3,1999,0.687,0.166,5,-24.264,1,0.82,0.0004,0.106,0.961,70.919,226000,4
364,Ia Sudan Ma'alesh,Rasha,11,2000,0.788,0.529,7,-12.033,1,0.37,0,0.101,0.92,107.934,273522,4
365,Igd allooli,Saied Khalifa,16,2018,0.407,0.561,2,-6.762,1,0.01,0.031,0.0868,0.554,160.72,267856,4
366,Jamil alsoura,Abdel Gadir Salim,1,1999,0.601,0.417,4,-14.311,0,0.55,0.106,0.0968,0.949,108.584,409200,4
367,Jannat Elhub,Sharhabil Ahmed,8,2017,0.691,0.711,5,-7.192,0,0.01,0.0056,0.0555,0.678,142.005,317852,4
368,Jar,Abdel Karim Alkabli,4,1973,0.751,0.603,1,-10.465,1,0.25,0,0.0344,0.97,114.26,223893,4
369,Kaif wa kaif,MarSimba,33,2020,0.627,0.391,3,-20.777,0,0.2,0.051,0.376,0.255,93.448,232453,4
370,Kaif yahon,Abdel Karim Alkabli,4,1973,0.608,0.437,2,-11.34,1,0.72,0.0003,0.194,0.713,150.601,395000,4
371,Kalam kateer,AlBitar,7,2021,0.916,0.593,1,-6.71,0,0.08,0.0268,0.0694,0.404,126.027,183452,4
372,Kam nazarna hilal,Ahmed Aljigir,1,2021,0.463,0.47,7,-11.014,0,0.85,0.0006,0.0944,0.834,119.945,321815,3
373,Kan zalan,Abdel Karim Alkabli,4,2006,0.71,0.37,0,-14.449,1,0.06,0.0641,0.0889,0.752,86.106,344120,4
374,Kandaka,MarSimba,42,2020,0.868,0.629,1,-8.408,1,0.14,0.0099,0.0846,0.699,97.964,181160,4
375,Katlani meeli meeli,Amjad Bagera,9,2020,0.638,0.799,7,-3.343,0,0,0,0.47,0.525,99.986,196859,4
376,Kef la aashag gamalak,Mohab Osman,7,2020,0.363,0.319,10,-20.266,1,0.76,0,0.437,0.789,111.509,385489,4
377,Ketro hussadi al alai,Asha Algabal,13,2022,0.757,0.751,6,-3.492,0,0.21,0,0.0605,0.891,145.004,221518,4
378,Khadaok,Mahmoud Abdelaziz,1,1996,0.696,0.667,3,-1.951,1,0.75,0.0009,0.188,0.583,102.224,384514,4
379,Khadari,Abdel Karim Alkabli,9,2006,0.388,0.522,5,-8.745,1,0.07,0.0001,0.0684,0.67,95.863,425680,3
380,Khal Fatma,Abdel Karim Alkabli,11,2008,0.611,0.692,0,-8.379,1,0.53,0,0.143,0.958,70.001,339707,4
381,Khal Fatma,Sabah Abdalla,0,2022,0.623,0.423,0,-15.119,1,0.51,0,0.259,0.928,117.072,321933,4
382,Khatim almuna,Mahmoud Abdelaziz,7,2000,0.572,0.857,0,-1.511,1,0.84,0.0083,0.294,0.854,160.934,327782,4
383,King alhalaba,Khayyat,49,2022,0.963,0.35,1,-10.885,1,0.05,0.0008,0.101,0.417,123.063,164959,4
384,Kol ma hawlta ansak,Gamal Farfour,2,2015,0.633,0.742,4,-10.824,0,0.34,0,0.67,0.507,117.807,290064,3
385,Kolen kolen,Abdalla Altayeb,7,2019,0.407,0.589,1,-8.89,0,0.77,0.0006,0.403,0.96,178.088,385045,4
386,Kolma taamalta hosnak,Abdalla Kunna,2,2020,0.341,0.224,10,-21.912,1,0.72,0,0.469,0.589,98.325,473887,4
387,Koni alnagma,Mostafa Sid Ahmed,13,1996,0.715,0.661,6,-10.387,1,0.81,0,0.0833,0.968,115.47,323527,4
388,Kunta Fi Hafla Laila,Abdel Karim Alkabli,3,2000,0.673,0.602,5,-7.367,1,0.42,0,0.36,0.91,128.166,478000,3
389,La aa,Abu Obaida Hassan,6,2018,0.615,0.789,7,-11.482,0,0.88,0,0.0623,0.963,172.031,435643,4
390,Labis toubo,Said Ahmed,13,2001,0.879,0.884,5,-8.392,0,0.72,0.0863,0.0387,0.961,100.033,256533,3
391,Lageeto basim,Asim Albanna,3,2020,0.326,0.305,4,-20.283,0,0.62,0,0.143,0.812,175.357,433424,3
392,Laheeb alshog,Mahmoud Abdelaziz,1,1997,0.658,0.311,8,-13.204,1,0.87,0,0.189,0.811,123.581,386710,3
393,Lai goli,Abd al Hafiz Karar,2,1999,0.569,0.0958,9,-25.798,0,0.83,0.0468,0.0896,0.915,71.681,339000,4
394,Lai habeeb/ asma gameel,Gamal Farfour,12,2015,0.436,0.956,5,-4.596,1,0.57,0.0792,0.259,0.598,163.653,500219,4
395,Laih ya galbi,Abdel Aziz El Mubarak,2,1989,0.519,0.505,7,-10.55,1,0.62,0.0001,0.938,0.71,141.753,423160,3
396,Laih ya galbi laih,Sabah Abdalla,0,2022,0.627,0.246,2,-21.209,1,0.64,0,0.421,0.676,109.757,488777,3
397,Laih ya hob,Omer Elamin,9,2014,0.335,0.374,0,-17.53,0,0.82,0,0.173,0.65,85.152,424411,4
398,Laik modda ma binta,Taha Suliman,7,2020,0.592,0.777,10,-4.5,1,0.72,0.0007,0.292,0.962,144.04,333287,3
399,Lamahtik,Nancy Ajaj,8,2021,0.405,0.262,9,-17.833,1,0.97,0.63,0.0987,0.646,151.174,825935,4
400,Lamouni,Moaz Ibn Albadia,4,2020,0.31,0.28,2,-24.527,1,0.65,0.0009,0.49,0.937,160.633,408842,3
401,Law enta niseet,Abdel Karim Alkabli,8,2006,0.422,0.736,7,-5.475,1,0.04,0.0399,0.0647,0.66,127.097,734960,4
402,Law kunti maaya,Mostafa Sid Ahmed,9,1996,0.44,0.343,9,-14.941,0,0.86,0.0055,0.162,0.811,153.991,750491,4
403,Law mohtam kan erefta,Eman Alshareef,11,2021,0.67,0.68,7,-7.861,1,0.39,0,0.196,0.727,170.221,256078,4
404,Layali,Rasha,14,1997,0.598,0.37,0,-10.894,1,0.83,0,0.112,0.765,160.053,266931,3
405,Layali alsabr,Insaf Fathi,6,2020,0.541,0.279,4,-18.454,1,0.62,0,0.781,0.627,105.35,499749,4
406,Limaza,Abdel Karim Alkabli,6,2009,0.436,0.453,9,-9.729,0,0.77,0.0003,0.0932,0.486,95.761,830320,4
407,Lonik samih,Mohamed Bashir,5,2019,0.802,0.832,0,-3.529,0,0.5,0,0.0782,0.901,143.845,225071,3
408,Ma aarfen nagool shino,Taj Makki,10,2018,0.575,0.59,4,-6.58,1,0.21,0.0031,0.611,0.944,90.01,331927,4
409,Ma balumkum,Mahmoud Abdelaziz,17,2013,0.483,0.8,7,-0.098,1,0.14,0.0107,0.522,0.679,164.806,369322,3
410,Ma balumu,Gamal Farfour,14,2020,0.727,0.708,2,-4.56,1,0.4,0.0001,0.196,0.663,139.863,237740,3
411,Ma bi nakhasmak,Abdel Karim Alkabli,4,1973,0.66,0.594,5,-12.705,0,0.43,0,0.0444,0.903,107.791,343960,4
412,Ma btagdari,Mahmoud Abdelaziz,8,2005,0.696,0.334,2,-18.795,1,0.2,0,0.125,0.908,134.126,287746,3
413,Ma gulta lai khowa,Eman Alshareef,10,2022,0.512,0.47,6,-6.872,1,0.44,0,0.299,0.465,104.802,285239,3
414,Ma hammak azabna,Zaidan Ibrahim,7,2018,0.426,0.747,2,-7.531,1,0.23,0.104,0.0846,0.963,170.574,286805,4
415,Ma ho alfafanos,Abdel Karim Alkabli,4,2006,0.853,0.329,0,-15.039,1,0.13,0.0079,0.0784,0.825,120.063,419707,4
416,Ma kunta aarif ya rait,Abdel Aziz El Mubarak,9,2018,0.495,0.579,6,-8.196,0,0.1,0.0001,0.0685,0.917,115.21,475571,3
417,Ma minnaha,Ahmed Amin,15,2019,0.755,0.362,7,-14.035,1,0.13,0.0018,0.18,0.352,139.915,196365,4
418,Ma minnak,Kamal Tarbas,5,1985,0.365,0.506,9,-7.412,1,0.79,0.0001,0.113,0.904,169.343,456253,4
419,Ma muhim,MarSimba,37,2019,0.888,0.358,5,-18.018,0,0.06,0.0022,0.114,0.687,97.995,223267,4
420,Ma nseetak,Hussein Alsadig,8,2017,0.325,0.489,4,-11.247,0,0.77,0,0.367,0.614,67.862,502055,4
421,Ma taayen lai,Eman Alshareef,12,2019,0.764,0.885,9,-6.419,1,0.13,0,0.344,0.874,154.966,255660,4
422,Ma tabky ya oyouni,Kamal Tarbas,7,1980,0.547,0.471,7,-12.022,1,0.82,0.0002,0.114,0.864,80.181,322560,4
423,Ma tehtammo lel ayam,Kamal Tarbas,9,1980,0.515,0.425,11,-12.687,0,0.79,0,0.246,0.958,77.426,366627,4
424,Ma tshili ham,Mahmoud Abdelaziz,10,2000,0.401,0.895,2,0.362,1,0.91,0.103,0.257,0.717,113.271,457954,3
425,Maagola bas,Mahmoud Abdelaziz,6,2000,0.652,0.813,7,-2.83,1,0.83,0,0.556,0.737,143.879,278242,3
426,Maalesh,Omer Elamin,4,2018,0.463,0.441,4,-10.064,1,0.77,0.0054,0.117,0.668,119.424,378436,4
427,Madaneya horria wa salam,Ahmed Amin,22,2020,0.587,0.274,6,-17.163,1,0.25,0,0.0507,0.494,149.845,394684,4
428,Mafi zayu,Mohamed Bashir,8,2021,0.58,0.564,1,-7.976,0,0.26,0,0.479,0.891,79.1,232607,4
429,Mafil arid,Wad Almzad,12,2020,0.819,0.52,11,-6.229,0,0.01,0,0.267,0.267,129.986,221769,4
430,Maftoon bek,Mahmoud Abdelaziz,10,2006,0.445,0.668,9,-7.688,0,0.51,0.0026,0.0749,0.863,150.945,343978,4
431,Magboora Khatwaty,Taha Suliman,2,2021,0.609,0.49,4,-10.229,0,0.27,0,0.36,0.714,75.051,208144,4
432,Magtool hawaki ya Kordofan,Abdel Gadir Salim All-Stars,2,1991,0.527,0.37,2,-15.866,1,0.9,0.106,0.0779,0.936,149.534,389733,3
433,Mahabba wa raid,Mahmoud Abdelaziz,17,2013,0.548,0.847,7,-0.336,1,0.15,0,0.492,0.772,149.207,342394,3
434,Mahboobi lagani,Gamal Farfour,6,2020,0.368,0.669,2,-6.439,0,0.77,0.0067,0.138,0.678,143.44,551210,3
435,Maho arif gadamo almofariq,Derderi,0,2020,0.562,0.304,10,-21.851,1,0.63,0,0.671,0.762,97.691,419161,4
436,Maktul hawak,Abdel Gadir Salim,2,1999,0.602,0.086,2,-21.847,0,0.88,0.0002,0.13,0.576,106.12,362933,4
437,Mal wa ehtagab,Abdel Gadir Salim All-Stars,2,1991,0.538,0.066,5,-24.915,0,0.93,0.0309,0.104,0.687,155.271,332267,3
438,Mali wa alhawa,Huda Arabi,3,2022,0.565,0.307,2,-23.516,0,0.73,0,0.116,0.951,165.765,170606,4
439,Malk maai,Eman Alshareef,10,2022,0.447,0.371,0,-20.835,1,0.63,0,0.247,0.739,161.472,208353,1
440,Malo,Eman Alshareef,24,2020,0.709,0.688,9,-5.91,1,0.25,0.0001,0.193,0.694,135.026,201535,3
441,Malo law safeetna inta,Khojali Osman,4,2018,0.511,0.774,0,-5.798,0,0.46,0.0396,0.305,0.917,90.623,304936,4
442,Malouf aleyoon,MarSimba,38,2021,0.711,0.517,7,-9.048,1,0.11,0.0091,0.102,0.709,182.019,189936,4
443,Mamnue Min Alsukar,Taha Suliman,18,2020,0.63,0.878,9,-5.242,1,0.01,0,0.139,0.928,161.955,331207,3
444,Marawi,Abdel Karim Alkabli,7,2008,0.412,0.737,0,-6.637,1,0.44,0,0.0396,0.8,99.993,896293,4
445,Marhabten baladna hababa,Nancy Ajaj,11,2019,0.531,0.267,8,-18.289,1,0.98,0.59,0.149,0.775,153.443,450575,4
446,Maria,Abdel Karim Alkabli,6,2008,0.739,0.733,0,-7.16,1,0.48,0,0.243,0.945,110.016,249000,4
447,Marra be babna,Mohamed Aljazar,8,2015,0.664,0.875,0,-4.09,1,0.2,0,0.456,0.801,95.038,232943,4
448,Maryooma,Sabah Abdalla/ Mohamed Aljazar,11,2018,0.653,0.309,11,-14.061,0,0.77,0.0001,0.343,0.681,114.982,429023,4
449,Mashroog be hammik,Mahmoud Abdelaziz,9,2006,0.755,0.602,7,-8.776,1,0.5,0.0002,0.328,0.848,134.63,361978,4
450,Maska algaw,Eman Alshareef,18,2020,0.771,0.501,2,-11.214,1,0.21,0,0.0782,0.918,142.613,209842,3
451,Masso nourkom,Moddathir Meshmesh,0,2014,0.518,0.806,3,-2.263,1,0.64,0,0.113,0.948,102.603,368760,4
452,Mata mazari,Nancy Ajaj,9,2021,0.654,0.262,0,-17.011,0,0.97,0.233,0.0829,0.714,110.583,532007,3
453,Meaad,Nancy Ajaj,11,2021,0.521,0.399,11,-11.415,0,0.51,0,0.314,0.339,150.054,263423,3
454,Mehrab alhob,Moaz Ibn Albadia,4,2020,0.484,0.244,10,-22.927,1,0.75,0,0.365,0.937,171.051,285205,4
455,Min alaskila,Mohamed Aljazar,15,2014,0.627,0.83,4,-4.922,0,0.14,0,0.14,0.97,164.961,335015,3
456,Min almasallat,Asha Algabal,8,2021,0.639,0.661,6,-10.369,1,0.86,0,0.392,0.966,83.952,316865,4
457,Min baf nafasak ya algitar,Sabah Abdalla,0,2022,0.548,0.222,11,-24.058,1,0.62,0.0061,0.34,0.685,133.805,49659,3
458,Min ozzalna seebak seeb,Kamal Tarbas,7,2018,0.486,0.718,2,-7.011,0,0.54,0,0.187,0.888,79.698,391197,4
459,Min zaman,Makarim Bashir,2,2021,0.399,0.408,3,-12.571,0,0.46,0.0001,0.371,0.851,154.824,295343,4
460,Min zaman,Mahmoud Abdelaziz,7,2001,0.433,0.686,11,-5.647,0,0.81,0,0.382,0.577,152.156,236662,4
461,Mino algallek,Mahmoud Abdelaziz,2,1996,0.3,0.815,7,-1.838,1,0.75,0,0.35,0.591,95.008,369322,1
462,Miten awsallu,Asha Algabal,9,2022,0.531,0.461,1,-6.547,1,0.3,0,0.105,0.648,158.503,267311,4
463,Moallim,Gamal Musbah,4,2019,0.777,0.64,0,-9.837,0,0.47,0,0.103,0.76,157.429,232307,3
464,Momkin,Gamal Farfour,2,2015,0.608,0.85,6,-3.782,0,0.44,0,0.269,0.54,66.962,451135,4
465,Motaaliqa,Mahmoud Abdelaziz,10,2006,0.521,0.569,4,-9.487,0,0.26,0.0107,0.46,0.673,114.088,389770,3
466,Motmanni shoftak,Ahmed Amin,17,2019,0.397,0.402,2,-11.976,1,0.43,0.0086,0.113,0.382,169.939,134558,4
467,Mufarig kaif,Mahmoud Abdulaziz,13,1997,0.622,0.475,9,-14.934,1,0,0,0.304,0.808,109.047,238420,3
468,Mukashfi alqaum,Mohamed Aljazar,25,2017,0.789,0.84,9,-5.966,1,0.17,0,0.521,0.77,114.976,169655,4
469,Musaitera,Asha Algabal,5,2021,0.477,0.527,5,-11.316,1,0.79,0,0.0937,0.918,83.343,296411,3
470,Musamhak ya habeebi,Nancy Ajaj,15,2021,0.533,0.381,9,-13.146,0,0.96,0.335,0.118,0.904,78.749,416287,4
471,Musamhak ya habibi,Mamoun SwarAldahab,9,2021,0.449,0.436,11,-14.54,0,0.5,0.0001,0.659,0.84,79.178,356101,4
472,Na-Nu Na-Nu,Abdel Aziz El Mubarak,3,1989,0.411,0.512,0,-9.774,1,0.43,0,0.92,0.685,114.242,439333,4
473,Nadoho lai,Eman Alshareef,16,2021,0.511,0.501,0,-10.865,1,0.4,0,0.519,0.805,79.679,314305,4
474,Nadu lai ashai,Eman Alshareef,28,2020,0.668,0.803,0,-2.773,1,0.16,0,0.0571,0.884,155.004,166113,4
475,Naes alagfan,Mahmoud Abdelaziz,0,1999,0.336,0.654,0,-5.573,1,0.85,0.0632,0.0802,0.748,64.378,626687,4
476,Nana ya nana,Gamal Farfour,3,2015,0.632,0.978,8,1.268,0,0.25,0,0.13,0.647,116.927,252134,4
477,Nar nar adeel kida da,Asha Algabal,6,2021,0.335,0.931,8,-0.21,1,0.76,0.0117,0.113,0.766,170.77,1060439,3
478,Nari,Rasha,9,1997,0.476,0.346,7,-14.05,1,0.61,0.276,0.384,0.925,121.023,287824,3
479,Nas omdur,Abdalla Altayeb,5,2021,0.487,0.775,6,-6.288,0,0.35,0,0.667,0.9,153.673,202055,3
480,Naseem shabbal,Kamal Tarbas,5,1980,0.481,0.618,2,-8.424,0,0.75,0,0.0798,0.962,111.715,417840,4
481,Nashwat raid,Mostafa Sid Ahmed,13,1992,0.706,0.471,11,-17.734,0,0.07,0.0001,0.073,0.829,109.874,304039,4
482,Nawwar baitna,Alblabel,0,2000,0.353,0.813,5,-5.694,0,0.98,0.828,0.142,0.68,103.465,342599,4
483,Neema,Talal Alsatta,19,2014,0.735,0.633,10,-9.188,1,0.71,0,0.603,0.898,127.503,181891,3
484,Neghem fahak,Huda Arabi,2,2020,0.315,0.326,11,-20.13,0,0.55,0,0.447,0.903,146.162,310439,3
485,Nesyan arraid,Gamal Farfour,6,2020,0.405,0.717,7,-5.865,1,0.84,0.0014,0.596,0.314,121.165,357172,4
486,Nihna algad,Asha Algabal,10,2021,0.686,0.665,2,-4.225,1,0.12,0,0.0776,0.81,142.372,272091,3
487,Nihna ashab,Shukralla Izzalden,2,2019,0.584,0.302,1,-16.86,1,0.24,0,0.13,0.37,129.405,381130,4
488,Nisana habeebna,Omer Elamin,10,2019,0.307,0.319,0,-11.698,1,0.92,0.537,0.128,0.6,181.649,179984,3
489,Nitlaga nitlaga,Abdel Gadir Salim,3,2003,0.486,0.496,0,-13.952,1,0.9,0.0404,0.0774,0.897,162.132,380800,3
490,Noor aleyon,Mahmoud Abdelaziz,8,2013,0.575,0.882,11,0.645,1,0.63,0,0.242,0.674,153.914,449807,4
491,Nujum allail,Abdel Gadir Salim,12,2003,0.459,0.499,5,-12.29,1,0.89,0.0028,0.131,0.777,155.527,511267,3
492,Ogbalak,Abdel Karim Alkabli,6,2010,0.637,0.696,0,-9.618,1,0.45,0.0001,0.165,0.902,97.266,350693,4
493,Om kaheel,Mahmoud Abdelaziz,3,2000,0.672,0.966,11,0.719,0,0.91,0.619,0.231,0.757,115.076,406114,4
494,Om zein,Moddathir Meshmesh,2,2014,0.626,0.685,2,-4.357,1,0.43,0,0.0655,0.963,132.022,317770,3
495,Omdurman,Freskoh,7,2020,0.906,0.568,11,-9.159,1,0.53,0,0.0856,0.58,140.061,268344,4
496,Ommi ya nab’ alhanan,Ahmed Amin,16,2019,0.854,0.463,6,-13.409,1,0.57,0,0.111,0.905,140.016,278832,4
497,Omri,Mahmoud Abdelaziz,5,1996,0.513,0.796,6,0.565,1,0.61,0,0.151,0.472,129.886,364642,1
498,Osha sagheera,Alblabel,1,2000,0.48,0.606,2,-4.929,1,0.93,0.0398,0.0999,0.938,136.878,488279,3
499,Oyon assaid,Makarim Bashir,1,2020,0.502,0.258,2,-22.372,1,0.79,0,0.399,0.963,134.366,95269,4
500,Oyoni ma golti,Gamal Farfour,7,2015,0.542,0.597,11,-9.039,0,0.76,0.0001,0.392,0.71,124.168,281940,3
501,Qamar almassa,Abu Obaida Hassan,21,2018,0.638,0.711,9,-12.111,1,0.89,0.0121,0.0823,0.955,164.308,495443,4
502,Qaraweya,Ahmed Amin,14,2019,0.415,0.274,3,-13.694,0,0.74,0.0001,0.101,0.161,119.836,298077,4
503,Qonbula,Taha Suliman,17,2020,0.495,0.731,11,-7.417,1,0.47,0,0.153,0.931,207.908,254798,4
504,Rada al-qulayb,Abdel Gadir Salim,4,1999,0.349,0.317,2,-14.103,1,0.78,0.0001,0.104,0.508,156.054,419440,3
505,Raganalak,Alblabel,0,2000,0.36,0.358,9,-17.032,1,0.99,0.775,0.798,0.844,152.022,1054319,4
506,Raghm Bu’di,Mahmoud Abdulaziz,10,1997,0.663,0.344,2,-18.816,1,0,0,0.114,0.661,105.09,502204,3
507,Rahalto baeed neseeto,Gamal Farfour,6,2021,0.588,0.478,9,-11.352,0,0.3,0.0005,0.615,0.788,104.716,304849,4
508,Rassalta laik agmal khitab,Gamal Farfour,1,2015,0.334,0.514,11,-15.539,0,0.65,0.248,0.592,0.61,81.429,432300,4
509,Rassasten,Ahmed Amin,15,2020,0.347,0.114,4,-18.473,1,0.91,0.0001,0.104,0.425,170.189,108122,3
510,Rawah maak omr alhana,Alblabel,0,2000,0.569,0.595,2,-8.736,1,0.66,0,0.467,0.837,106.036,528407,3
511,Rohta anni baeed,Ahmed Fathallah,2,2020,0.503,0.211,8,-22.836,1,0.71,0,0.176,0.511,109.468,481907,4
512,Sabab al aza,Mahmoud Abdulaziz,11,1997,0.669,0.448,5,-16.224,0,0.06,0.0915,0.127,0.823,141.24,241189,3
513,Sabab el aza,Magdy Meshmesh,0,2014,0.542,0.737,7,-3.395,1,0.38,0,0.0964,0.965,139.413,360000,3
514,Sabihni dayman,Abdel Aziz El Mubarak,1,1989,0.339,0.522,4,-10.224,0,0.26,0.0028,0.962,0.741,147.693,618107,4
515,Sabihni dayman,Mohab Osman,4,2020,0.368,0.289,9,-20.262,1,0.65,0.0001,0.636,0.956,163.627,445858,4
516,Sabihni dayman,El Shab Amir,7,2021,0.439,0.552,8,-10.849,0,0.55,0,0.429,0.774,110.897,324101,4
517,Saddigni,Ahmed Amin,16,2019,0.886,0.341,6,-14.251,1,0.6,0,0.194,0.809,119.986,148014,4
518,Sadr almahafil,Insaf Fathi,1,2020,0.436,0.31,4,-20.286,1,0.7,0,0.931,0.849,158.325,294635,4
519,Safir,Mostafa Sid Ahmed,17,1992,0.539,0.381,0,-14.394,1,0.52,0,0.0561,0.373,82.024,425535,4
520,Sagf alsabor,Mohamed Alnasri,4,2017,0.601,0.498,9,-12.274,0,0.63,0.0013,0.111,0.928,77.865,397636,4
521,Sahbi arees,Mohamed Aljazar,5,2017,0.68,0.789,10,-10.563,0,0.04,0,0.348,0.964,154.03,221255,4
522,Sahwat alzikra,Mahmoud Abdelaziz,9,2009,0.344,0.709,2,-2.768,1,0.91,0,0.423,0.508,100.154,582082,4
523,Sai Sai,Taha Suliman,1,2021,0.529,0.762,9,-7.975,1,0.64,0.0068,0.569,0.867,177.143,223948,4
524,Salam alek,WD Alzain,14,2020,0.765,0.554,0,-6.176,1,0.77,0.0016,0.108,0.348,135.928,162403,4
525,Salam baruddo elaik,Huda Arabi,2,2022,0.505,0.304,3,-19.101,1,0.76,0,0.764,0.891,168.016,250384,4
526,Salib fouadi,Mohab Osman,3,2020,0.268,0.275,0,-21.27,0,0.6,0,0.334,0.934,168.396,388702,4
527,Salib fuadi,Rasha,15,1997,0.658,0.369,4,-12.417,1,0.25,0.0174,0.181,0.918,151.106,355385,4
528,Salimmik,Flippter,17,2018,0.75,0.485,1,-10.046,1,0.02,0.0006,0.083,0.269,114.994,202031,4
529,Sallim ya Salam,Eman Alshareef,26,2021,0.689,0.698,8,-5.818,1,0.07,0,0.0544,0.909,159.888,220823,4
530,Samarin dail,Eman Alshareef,11,2022,0.679,0.825,5,-4.509,0,0.36,0,0.0794,0.701,135.058,240666,3
531,Samereeni,Abdel Karim Alkabli,4,2006,0.814,0.483,11,-11.19,0,0.46,0.0002,0.0505,0.932,124.001,383000,4
532,Samha alhayba,Afrah Esam,3,2017,0.453,0.628,1,-7.793,0,0.87,0,0.135,0.833,84.624,60623,3
533,Samha alsudaf,Esam Mohamed Nour,10,2021,0.314,0.448,7,-11.113,1,0.54,0.0006,0.652,0.598,154.568,385967,3
534,Samha gamra,Ahmed Amin,19,2022,0.819,0.548,2,-9.527,0,0.23,0.0065,0.0988,0.664,87.024,219310,4
535,Samha samha alsaida,Ahmed Fathallah,7,2020,0.384,0.29,10,-23.137,1,0.68,0,0.377,0.868,169.703,278727,4
536,Samha shadeed,Mohamed Bashir,10,2017,0.845,0.842,11,-5.444,0,0.46,0,0.657,0.852,141.057,166463,3
537,Sar Beladeela,Taha Suliman,1,2021,0.375,0.534,4,-8.368,1,0.71,0,0.13,0.811,205.774,257411,4
538,Sawani,Said Ahmed,1,2001,0.7,0.509,0,-9.606,0,0.6,0.002,0.109,0.81,166.911,250800,4
539,Sawwi Kida,Huda Arabi,17,2022,0.739,0.665,0,-6.26,1,0.3,0,0.09,0.847,159.912,225095,4
540,Sayeg alraksha,Asha Algabal,19,2022,0.661,0.607,7,-6.68,1,0.11,0,0.0808,0.744,84.92,203087,4
541,Sayeg dalaloh,Kamal Tarbas,6,1980,0.428,0.488,2,-11.455,1,0.83,0,0.253,0.92,131.184,252227,3
542,Seira,Amira Mahmoud Mohammadein,0,2014,0.494,0.822,0,-8.475,0,0.41,0,0.08,0.933,135.998,261693,4
543,Seka Bamsheeha,Taha Suliman,1,2021,0.776,0.505,7,-9.12,1,0.19,0,0.368,0.724,140.009,236251,4
544,Set Alfareeq,Taha Suliman,2,2021,0.643,0.606,10,-8.425,0,0.73,0,0.0629,0.963,78.188,177868,4
545,Shaghal bali,Afrah Esam,4,2021,0.719,0.58,6,-6.68,0,0.64,0,0.369,0.878,86.573,181864,4
546,Shakwa,Makarim Bashir,7,2020,0.523,0.16,9,-24.659,1,0.57,0,0.139,0.796,88.393,350746,4
547,Shamaa,Kabli,0,2009,0.631,0.582,11,-11.538,0,0.57,0,0.0514,0.932,144.036,524533,4
548,Shams almazad,Mahmoud Abdelaziz,2,2003,0.443,0.221,7,-18.799,0,0.74,0,0.0683,0.875,164.688,344183,1
549,Sharbat alfarah,Abdel Karim Alkabli,7,2008,0.701,0.843,11,-7.44,0,0.37,0,0.0213,0.931,104.034,528000,4
550,Sharea alneel,Taha Suliman,11,2021,0.602,0.842,8,-7.352,0,0.69,0,0.891,0.879,84.536,136829,4
551,Sharea alneel,Shukralla Izzalden,13,2018,0.568,0.869,10,-3.763,1,0.38,0.0095,0.291,0.941,90.674,431831,4
552,Shayel girah,Mahmoud Abdelaziz,11,2002,0.595,0.861,7,-1.412,0,0.58,0,0.0905,0.565,88.609,252718,4
553,Shino alhasil,Mahmoud Abdelaziz,15,2006,0.661,0.493,0,-7.745,1,0.38,0.0003,0.555,0.876,165.611,284470,4
554,Shofo,Abu Obaida Hassan,9,2018,0.661,0.906,7,-10.033,0,0.87,0.0237,0.068,0.971,166.567,397976,4
555,Shog aleyon,Mahmoud Abdelaziz,2,2005,0.592,0.655,9,-5.893,1,0.25,0,0.372,0.753,148.112,440530,4
556,Shogol khamashai,Mohamed Bashir,16,2018,0.576,0.488,8,-7.204,0,0.43,0,0.263,0.932,159.743,255383,4
557,Simsim algadarif,Mamoun SwarAldahab,3,2018,0.55,0.912,7,-4.988,1,0.65,0.0435,0.503,0.863,120.506,330455,4
558,Simsim algadarif,Omer Elamin,18,2019,0.722,0.708,0,-9.946,0,0.79,0.627,0.116,0.962,115.997,268513,4
559,Simsim algadarif,Gamal Farfour,2,2015,0.533,0.873,8,-6.261,0,0.96,0.941,0.183,0.923,117.658,342962,4
560,Sit addar,Mohamed Alnasri,5,2019,0.524,0.609,11,-4.292,1,0.9,0,0.074,0.839,80.342,992967,4
561,Sit albait,Omer Elamin,10,2020,0.769,0.465,2,-7.87,1,0.74,0.0002,0.296,0.726,134.003,330266,4
562,Sit alesem,Kamal Tarbas,5,1985,0.65,0.588,7,-5.299,1,0.83,0,0.351,0.861,139.211,458747,3
563,Sit algateeaa,Asha Algabal,10,2021,0.785,0.713,6,-8.131,0,0.03,0.0401,0.0925,0.952,149.987,170815,3
564,Sit alraid,Afrah Esam,8,2017,0.363,0.633,2,-7.557,1,0.67,0,0.258,0.564,145.946,472919,4
565,Sit alwadie,Sayed Khalifa,0,2015,0.84,0.692,0,-8.005,1,0.5,0.0005,0.169,0.956,147.007,266375,3
566,Su'aad,Abdel Karim Alkabli,11,2000,0.6,0.529,9,-7.643,0,0.67,0,0.25,0.744,160.369,828227,1
567,Sudan bedoon kezan,A.G Nimeri,18,2020,0.85,0.48,6,-9.437,0,0.11,0,0.173,0.205,116.037,218000,4
568,Sudani,Abdel Gadir Salim All-Stars,8,1991,0.545,0.42,9,-15.061,0,0.72,0.0033,0.107,0.906,101.165,265440,4
569,Sudani algwa wijdani,Omer Elamin,18,2020,0.536,0.298,5,-11.986,0,0.48,0,0.139,0.468,125.053,112953,1
570,Sudania,Talal Alsatta,3,2016,0.722,0.804,2,-7.051,1,0.64,0.0001,0.146,0.639,119.989,227788,4
571,Sudania soud,Eman Alshareef,26,2021,0.583,0.705,10,-2.65,0,0.38,0,0.126,0.913,125.258,203102,3
572,Sukkar,Abdel Karim Alkabli,14,2009,0.427,0.473,5,-8.664,1,0.75,0.0015,0.119,0.786,150.026,419533,4
573,Sukkar,Abdel Karim Alkabli,11,1973,0.675,0.508,8,-12.726,1,0.33,0,0.351,0.831,79.997,286427,4
574,Taab alraida,Mahmoud Abdelaziz,6,2013,0.531,0.879,11,-0.335,0,0.3,0.0001,0.212,0.724,159.645,461950,4
575,Taal hina,Mohamed Bashir,17,2020,0.802,0.602,9,-6.539,1,0.7,0,0.348,0.889,134.934,281759,3
576,Taayen lai,Gamal Farfour,4,2015,0.745,0.472,10,-12.58,1,0.26,0.0394,0.0785,0.889,137.997,237479,4
577,Taban Ahwak,Kamal Keila,25,2018,0.591,0.754,11,-5.653,0,0.7,0.0337,0.0676,0.757,100.586,391000,4
578,Tabat/ ya habibi,Amira Mahmoud Mohammadein,1,2014,0.516,0.736,9,-8.454,0,0.72,0,0.0805,0.747,131.828,414600,3
579,Tabeeb nafsi,Abdalla Altayeb,3,2020,0.791,0.644,5,-7.58,0,0.33,0,0.126,0.863,129.653,227056,3
580,Tahrimni Minnak,Abdel Aziz El Mubarak,10,1999,0.558,0.668,0,-9.23,1,0.09,0.0052,0.0982,0.876,110.66,407627,4
581,Tamma doru,Abd al Hafiz Karar,1,1999,0.544,0.0686,0,-28.024,1,0.92,0.171,0.0881,0.819,124.883,272000,1
582,Tannesh taaiesh tantaesh,Sharief Elfehail,4,2020,0.571,0.822,9,-7.451,1,0.1,0,0.407,0.931,139.945,291156,3
583,Tany,Kamal Tarbas,7,1980,0.497,0.436,0,-12.138,1,0.76,0.0011,0.121,0.851,76.74,558573,4
584,Tarieeg alshog,Abdel Aziz El Mubarak,1,1989,0.565,0.634,9,-9.144,1,0.39,0.0296,0.67,0.817,118.153,617400,4
585,Tarig alshoag,Abdel Aziz El Mubarak,4,1999,0.593,0.77,9,-8.208,1,0.25,0.0779,0.11,0.931,114.931,570893,4
586,Tawali baayen lek,Eman Alshareef,13,2022,0.613,0.801,10,-3.009,1,0.14,0,0.0339,0.888,169.843,281992,4
587,Tawwal mufarig hayyu,Aamir Babiker,5,2021,0.421,0.407,8,-11.693,1,0.57,0,0.814,0.728,77.862,300669,4
588,Tayer algenai,Mohamed Alnasri,5,2016,0.554,0.509,4,-11.839,0,0.59,0,0.682,0.923,81.239,509231,4
589,Tayr alkhodari,Gamal Farfour,3,2020,0.632,0.46,9,-8.889,0,0.39,0,0.26,0.657,107.318,391863,3
590,Tifl alalam althalith,Mostafa Sid Ahmed,9,1992,0.518,0.451,2,-4.733,0,0.46,0,0.512,0.22,89.511,643911,4
591,Touba wa touba,Mohamed Bashir,3,2015,0.675,0.756,1,-8.334,1,0.27,0,0.125,0.968,159.989,319535,4
592,Toyor alhigra,Mohamed Alnasri,5,2018,0.443,0.335,5,-16.718,0,0.82,0.0003,0.137,0.91,80.127,471589,4
593,Tubta minnak,Mahmoud Abdelaziz,11,2006,0.739,0.565,11,-10.395,0,0.38,0.0002,0.481,0.813,103.614,356182,3
594,Tul Ya Layl,Abd al Hafiz Karar,1,1999,0.57,0.135,0,-24.674,1,0.88,0.0484,0.098,0.841,140.794,257160,3
595,Umri Ma Bansa,Abdel Gadir Salim,0,2012,0.557,0.458,7,-11.109,1,0.78,0.0118,0.0966,0.75,84.658,532600,4
596,Umri Ma Bansa,Abdel Gadir Salim All-Stars,4,1991,0.391,0.36,0,-14.008,1,0.83,0.603,0.108,0.766,191.049,494600,3
597,Wad Alhela,Taha Suliman,2,2021,0.741,0.564,11,-6.807,0,0.44,0,0.0992,0.955,160.037,166687,4
598,Wad ommi,Roaa Naeem,10,2022,0.924,0.656,6,-7.959,0,0.27,0,0.107,0.965,137.956,189336,3
599,Wagfa sabba,Shaffata Production,14,2020,0.494,0.894,6,-4.898,1,0.03,0.637,0.501,0.872,169.391,195683,3
600,Wahid tany,Wad Almzad,8,2020,0.886,0.532,4,-6.132,1,0.44,0.0005,0.111,0.692,79.979,177937,4
601,Warroni meen zayyana,Asha Algabal,9,2021,0.519,0.82,1,-4.72,0,0.3,0,0.814,0.831,166.471,251831,3
602,Wasqa fi zoli,Eman Alshareef,24,2021,0.726,0.72,11,-6.761,0,0.12,0,0.0296,0.967,154.61,206968,3
603,Wayn wayn,Oum Dermam Stars,18,2017,0.801,0.743,5,-8.429,0,0.05,0,0.104,0.944,150.039,225275,3
604,Wed El Balad,Amira Mahmoud Mohammadein,0,2014,0.576,0.854,5,-5.235,0,0.37,0,0.331,0.967,128.249,396693,4
605,Ween ween ya habibi,Taha Suliman,1,2020,0.615,0.935,9,-0.428,1,0.62,0,0.926,0.884,89.884,264516,4
606,Weled alnas,Sabah Abdalla,0,2022,0.43,0.268,5,-17.532,1,0.66,0,0.742,0.719,113.376,349623,4
607,Weled min alshukria,Eman Alshareef,38,2020,0.741,0.665,10,-3.923,1,0.31,0,0.086,0.941,140.01,175125,4
608,Wga El Kamar,Kamal Tarbas,5,1985,0.396,0.461,11,-6.756,0,0.65,0,0.0891,0.617,130.994,656160,3
609,Ya Allah Matara,Taha Suliman,14,2020,0.805,0.844,8,-7.348,1,0.44,0,0.282,0.938,127.467,317571,3
610,Ya asal,Abdel Aziz El Mubarak,4,1989,0.463,0.486,11,-11.033,0,0.64,0,0.92,0.861,81.774,572040,4
611,Ya Asmarani,Abdel Karim Alkabli,5,2006,0.676,0.654,0,-9.343,1,0.22,0,0.0492,0.903,98.016,396800,4
612,Ya assal,Malaz Ghazi,7,2020,0.388,0.225,10,-22.554,1,0.73,0,0.43,0.771,171.038,417698,4
613,Ya Balad,Taha Suliman,2,2022,0.48,0.448,9,-8.598,1,0.33,0,0.101,0.797,150.402,238992,1
614,Ya Bashir,Amira Mahmoud Mohammadein,0,2014,0.524,0.755,11,-5.9,0,0.53,0,0.0475,0.837,105.085,496200,4
615,Ya benayya,Mahmoud Abdelaziz,8,2009,0.571,0.857,9,-2.519,1,0.82,0,0.369,0.748,150.688,367522,4
616,Ya bolbola,Mohamed Alnasri,4,2021,0.306,0.498,7,-6.016,0,0.83,0.0001,0.219,0.546,88.96,579997,3
617,Ya dullana,Mostafa Sid Ahmed,12,1996,0.334,0.447,2,-10.315,1,0.63,0,0.105,0.705,83.88,475566,4
618,Ya dunya,Sharhabil Ahmed,17,2017,0.706,0.492,9,-9.912,0,0.31,0.0019,0.0985,0.773,120.004,431281,4
619,Ya galbi laih,Sharhabil Ahmed,22,2017,0.64,0.577,9,-8.86,0,0.46,0.0004,0.214,0.952,150,236847,4
620,Ya galbi ma tsheel al azab,Gamal Farfour,17,2015,0.691,0.465,4,-15.72,0,0.31,0,0.135,0.721,109.495,232098,3
621,Ya galbi maktool belhail,Abdelmonem Abu Sam,2,2020,0.642,0.517,7,-7.824,1,0.61,0.0032,0.154,0.879,148.753,262008,4
622,Ya gamar bain,Kamal Tarbas,11,1985,0.559,0.541,0,-8.211,1,0.71,0.0001,0.0903,0.762,130.219,543080,3
623,Ya gamari,Abdalla Kunna,8,2020,0.474,0.333,5,-18.418,1,0.8,0,0.676,0.694,114.928,363363,4
624,Ya gameel ya sada,Gamal Farfour,3,2015,0.578,0.55,11,-10.584,0,0.72,0.0012,0.197,0.772,167.309,300671,4
625,Ya gamil ya mudallal,Abd al Hafiz Karar,1,1999,0.435,0.16,2,-24.119,1,0.89,0.0608,0.0601,0.953,87.937,299667,4
626,Ya ghazal,Taha Suliman,14,2021,0.727,0.579,6,-8.215,0,0.15,0,0.0868,0.962,159.951,205949,4
627,Ya habeeb ma tfoot,Mohamed Aljazar,3,2014,0.704,0.697,0,-9.96,0,0.28,0.0001,0.0946,0.764,149.971,269351,4
628,Ya habeebi ana ayyan,Alblabel,1,2000,0.158,0.835,9,-3.214,1,0.93,0.228,0.132,0.855,73.481,405791,4
629,Ya hilo,Abdel Karim Alkabli,5,2009,0.495,0.434,9,-10.419,0,0.75,0,0.404,0.688,132.952,506453,4
630,Ya izzana,Abdel Aziz El Mubarak,3,1989,0.422,0.524,0,-11.494,1,0.42,0.0002,0.891,0.814,162.111,393960,4
631,Ya Khalil: Ya khalil (Name of the Beloved),Amira Mahmoud Mohammadein,1,2014,0.466,0.67,8,-7.732,1,0.3,0,0.0728,0.916,155.724,192000,4
632,Ya Marri,Abdel Karim Alkabli,11,2006,0.598,0.595,9,-7.643,0,0.02,0.0019,0.11,0.658,124.286,431707,4
633,Ya marri end alaseel,Huda Arabi,9,2020,0.591,0.237,0,-23.343,1,0.63,0,0.635,0.955,122.672,280163,3
634,Ya modhisha,Mahmoud Abdulaziz,14,1997,0.694,0.42,5,-16.81,1,0.01,0,0.0526,0.609,113.889,287608,3
635,Ya musafreen,Makarim Bashir,11,2020,0.481,0.259,10,-21.398,1,0.76,0,0.428,0.873,175.237,348108,4
636,Ya naseem billahi ashkilo,Mamoun SwarAldahab,8,2020,0.377,0.782,2,-3.035,1,0.81,0.0018,0.216,0.884,168.336,593345,4
637,Ya rait,Kamal Tarbas,15,1980,0.536,0.452,0,-11.739,1,0.76,0,0.16,0.94,81.674,481640,4
638,Ya rait,Ahmed Amin,15,2019,0.782,0.486,7,-12.126,1,0.8,0,0.0932,0.284,120.231,167659,4
639,Ya Samir,Moddathir Meshmesh,1,2014,0.42,0.787,9,-3.063,0,0.12,0.0001,0.24,0.845,148.955,627880,4
640,Ya Wahed El Koun,Oum Dermam Stars,3,2017,0.637,0.592,11,-11.817,0,0.13,0.0002,0.38,0.832,145.016,356828,4
641,Ya watani ya balad ahbabi,Omer Elamin,19,2020,0.606,0.525,11,-7.559,0,0.78,0,0.682,0.821,110.02,157545,4
642,Ya weledi,Asha Algabal,12,2022,0.835,0.78,8,-2.303,1,0.33,0,0.0739,0.87,124.976,256340,4
643,Ya zaman,Nancy Agag,26,2013,0.608,0.78,5,-6.109,0,0.25,0.0011,0.481,0.774,84.894,60501,4
644,Ya zol kataltani katil,Mohamed Aljazar,15,2016,0.642,0.784,0,-5.951,0,0.55,0,0.0733,0.82,149.961,261023,3
645,Ya zol ya tayeb,Mahmoud Abdelaziz,15,2009,0.499,0.553,3,-10.56,0,0.79,0.0019,0.0986,0.747,190.919,291022,4
646,Yaelhajarok,The Scorpios,16,2017,0.795,0.427,9,-10.35,1,0.59,0.0779,0.088,0.859,108.036,265273,4
647,Yahlelak ya asmar,Shukralla Izzalden,4,2022,0.453,0.432,5,-16.876,0,0.77,0,0.13,0.941,167.19,319033,4
648,Yalla wa yalla,Asha Algabal,13,2021,0.89,0.752,1,-4.165,1,0.26,0.0008,0.0282,0.916,115.012,193511,4
649,Yanas Baridouh,Salma,0,2010,0.592,0.701,3,-9.211,0,0.42,0.0253,0.101,0.825,149.739,263760,3
650,Yomma,Nada Algalaa,4,2014,0.827,0.432,4,-8.089,0,0.37,0.0032,0.0949,0.697,76.838,315911,4
651,Youm farahi,Shukralla Izzalden,8,2018,0.501,0.661,0,-7.846,0,0.52,0.0093,0.144,0.96,135.251,256703,4
652,Youm Hubi,Kabli,0,2009,0.439,0.591,9,-10.29,0,0.59,0,0.311,0.908,179.92,311373,3
653,Zad alham aleina,Mohamed Aljazar,2,2016,0.667,0.713,6,-10.495,0,0.23,0,0.279,0.838,127.499,249263,3
654,Zaenoba,Mahmoud Abdelaziz,20,2013,0.557,0.856,0,-0.568,1,0.29,0.0053,0.169,0.846,79.597,326410,4
655,Zaghrooda lel ballal,Taha Suliman,10,2021,0.646,0.681,11,-5.53,0,0.25,0,0.25,0.962,144.567,162743,4
656,Zai algamar,Mohab Osman,5,2020,0.448,0.256,0,-20.775,1,0.66,0,0.41,0.863,170.467,274129,4
657,Zak alsabah,Sabah Abdalla,0,2021,0.676,0.394,0,-11.597,0,0.69,0.0033,0.65,0.824,111.053,375863,3
658,Zalamoni alnas,Makarim Bashir,12,2020,0.448,0.314,10,-21.066,1,0.7,0,0.396,0.747,115.706,279223,4
659,Zalimni Shoftak,Mahmoud Abdulaziz,11,1997,0.532,0.429,1,-16.545,1,0.17,0.862,0.136,0.779,99.352,473548,4
660,Zaman alhanan yaba,Hussein Alsadig,8,2021,0.548,0.557,8,-11.635,0,0.52,0,0.741,0.897,158.642,310391,4
661,Zaman alnas,Abdel Karim Alkabli,4,1973,0.461,0.511,3,-11.027,1,0.62,0.0006,0.0682,0.79,155.079,709920,4
662,Zaman Da'i,Abd al Hafiz Karar,1,1999,0.702,0.0837,0,-28.235,1,0.85,0.234,0.107,0.804,113.805,390000,4
663,Zamanak wa alhawa,Mohab Osman,8,2020,0.304,0.311,5,-21.279,1,0.6,0,0.495,0.785,104.055,438126,4
664,Zameelat Alrooh,Taha Suliman,1,2021,0.837,0.729,10,-5.998,0,0.8,0,0.0885,0.964,104.986,225829,3
665,Zanig Sudani,Amjad Bagera,12,2020,0.467,0.863,4,-2.49,0,0.17,0.0006,0.314,0.638,102.979,558942,4
666,Zeena,Abdel Karim Alkabli,6,2010,0.465,0.528,10,-10.233,1,0.67,0,0.0833,0.963,141.128,455973,4
667,Zeena,Abdel Karim Alkabli,11,2008,0.614,0.755,0,-7.212,0,0.48,0,0.0532,0.962,156.044,407827,4
668,Zeena wa agbani,Mustafa Albarbari,2,2020,0.523,0.325,9,-20.915,1,0.69,0,0.579,0.919,146.935,416705,4
669,Zeenat alshabab,Gamal Farfour,4,2015,0.481,0.73,8,-8.289,1,0.73,0,0.156,0.941,71.326,362710,4
670,Ziyaret habeebi,Sharhabil Ahmed,4,2017,0.588,0.713,0,-7.456,1,0.09,0.0073,0.0928,0.857,153.968,392889,4
671,Zohor alrawd,Salah Mustafa,4,2020,0.575,0.269,2,-22.835,0,0.53,0,0.574,0.761,110.744,264882,4
672,Zombie,Squad التالتة,16,2020,0.673,0.676,7,-8.827,0,0.23,0,0.161,0.539,152.338,96494,4
673,Zoroni marra,Sayed Khalifa,1,2015,0.653,0.864,11,-3.362,0,0.34,0,0.0814,0.845,158.393,115391,4
